,player,age,position,Rating,Team,CM,KG,Apps,Mins,Goals,Assists,Yel,Red,SpG,PS%,AerialsWon,MotM,Goals,Assists,SpG,KeyP,Drb,Fouled,Off,Disp,UnsTch,Tackles,Inter,Fouls,Offsides,Clear,Drb,Blocks,OwnG,Assists,KeyP,AvgP,PS%,Crosses,LongB,ThrB
0,Adam Ounas ,22, AM(CLR),6.59,Napoli,172,65,5(10),462,3,-,-,-,1,83.0,0.1,1,3,-,1,1.1,1.2,0.7,-,0.6,1.1,0.3,0.1,0.3,-,-,0.5,-,-,-,1.1,15.3,83.0,0.1,0.6,0.2
1,Alex Meret ,22, GK,6.75,Napoli,190,82,10(1),881,-,-,-,1,-,70.5,0.4,-,-,-,-,-,-,0.4,-,-,-,-,-,0.2,-,0.8,-,-,-,-,-,21.9,70.5,-,4.0,-
2,Allan ,28, DMC,7.19,Napoli,173,73,22(4),2103,-,3,8,-,0.8,89.7,0.5,1,-,3,0.8,1.1,1.3,2,-,1.3,1,3.5,1,1.5,-,0.8,2.3,0.4,-,3,1.1,67.9,89.7,0.1,3.5,0.2
3,Amadou Diawara ,21, DMC,6.59,Napoli,183,75,8(5),661,-,-,4,-,0.8,92.8,0.5,-,-,-,0.8,0.4,0.7,0.2,-,0.5,0.3,0.9,0.8,1.2,-,0.8,0.1,-,-,-,0.4,41.8,92.8,-,2.6,-
4,Amin Younes ,25, AM(CL),6.74,Napoli,168,67,1(3),113,2,-,-,-,0.8,90.0,-,-,2,-,0.8,0.3,0.5,0.8,-,0.3,0.3,0.8,0.3,0.3,-,-,0.5,-,-,-,0.3,20.0,90.0,-,0.3,-
5,Arkadiusz Milik ,25, FW,7.15,Napoli,186,78,19(7),1678,16,1,3,-,2.9,81.9,1.2,4,16,1,2.9,0.8,0.2,0.7,0.5,0.6,1.3,0.5,0.1,1.2,-,0.2,0.7,0.1,-,1,0.8,15.5,81.9,0.1,0.4,-
6,David Ospina ,30, GK,6.5,Napoli,183,80,13(1),1187,-,-,-,-,-,74.1,0.5,1,-,-,-,-,0.1,0.3,-,-,0.1,0.1,-,-,-,0.6,-,-,-,-,-,20.9,74.1,-,3.9,-
7,Dries Mertens ,31," AM(CLR),FW",7.08,Napoli,169,61,17(10),1676,10,9,1,-,2.3,78.2,0.1,2,10,9,2.3,1.9,0.5,0.9,0.3,0.7,1.2,0.6,0.4,1,-,0.1,0.6,-,-,9,1.9,21.7,78.2,0.4,0.6,0.1
8,Elseid Hysaj ,25, D(LR),6.74,Napoli,182,75,20(3),1752,-,2,2,-,0.5,86.1,0.9,-,-,2,0.5,0.6,0.7,0.7,-,0.7,0.9,1.4,1,0.7,0.2,1.5,0.8,-,-,2,0.6,55.0,86.1,0.2,2.1,-
9,Fabián Ruiz ,23, AM(CL),7.2,Napoli,189,70,13(5),1317,3,2,-,1,1.9,89.1,0.8,1,3,2,1.9,2.4,1.2,0.7,0.1,1.1,1,1.6,0.8,0.4,-,0.9,1,0.2,-,2,2.4,64.5,89.1,0.3,2.9,-
10,Faouzi Ghoulam ,28, D(L),6.74,Napoli,186,80,6(3),621,-,2,1,-,0.6,89.8,1.6,-,-,2,0.6,1.2,-,0.7,0.3,0.1,0.3,0.6,0.4,0.9,-,0.6,0.1,0.1,-,2,1.2,43.8,89.8,1.3,0.8,0.1
11,José Callejón ,32, M(LR),7.03,Napoli,178,73,22(3),1976,3,8,1,-,1.7,85.9,0.3,1,3,8,1.7,2.2,0.3,1.6,0.6,0.6,0.9,1.2,0.7,0.4,-,0.2,1.2,0.2,-,8,2.2,42.2,85.9,1.2,1.9,-
12,Kalidou Koulibaly ,27, D(C),7.07,Napoli,195,89,27,2420,-,2,7,1,0.6,88.8,2.3,1,-,2,0.6,0.3,0.3,0.6,-,0.3,0.5,1.7,1.2,1.4,0.7,4,0.4,0.9,-,2,0.3,74.2,88.8,-,4.4,-
13,Kevin Malcuit ,27," D(R),M(R)",7.15,Napoli,178,75,14(4),1282,-,1,3,-,0.4,86.2,0.8,1,-,1,0.4,0.9,1.4,0.8,0.1,0.8,1.7,1.8,1.8,1.1,0.1,2.5,0.4,0.2,-,1,0.9,41.8,86.2,1.1,1.3,0.1
14,Lorenzo Insigne ,27," AM(CL),FW",7.31,Napoli,163,59,21(2),1823,9,6,5,1,4.7,86.2,0.1,3,9,6,4.7,2.5,1,0.6,0.7,1,1.7,0.5,0.3,0.3,-,0.1,0.5,-,-,6,2.5,45.8,86.2,0.4,3.1,0.3
15,Marek Hamsik ,31, AM(C),6.66,Napoli,183,79,12(1),922,-,-,1,-,1.2,88.4,0.6,-,-,-,1.2,1.2,0.5,0.2,-,0.5,0.4,0.5,0.9,0.4,0.1,1,0.8,0.1,-,-,1.2,65.2,88.4,-,5.0,-
16,Marko Rog ,23, M(C),6.6,Napoli,180,73,4(5),332,1,-,3,-,0.7,90.8,0.3,-,1,-,0.7,-,0.9,1,-,0.4,0.9,1.3,0.6,1.3,0.1,0.1,0.7,0.2,-,-,-,20.4,90.8,-,0.3,-
17,Mário Rui ,27, D(L),6.7,Napoli,170,67,15(2),1225,-,1,3,1,1,85.1,0.2,1,-,1,1,1.4,0.6,0.8,0.1,0.7,1.1,1.3,1.2,0.8,0.1,1.5,0.6,0.2,-,1,1.4,55.1,85.1,0.7,1.9,0.1
18,Nikola Maksimovic ,27," D(CR),M(R)",6.88,Napoli,193,82,14(2),1285,-,-,4,-,0.1,92.6,1.6,-,-,-,0.1,0.3,0.3,1,0.1,0.1,0.4,1.2,1.6,0.6,0.4,3.1,0.3,0.5,-,-,0.3,49.5,92.6,-,2.8,-
19,Orestis Karnezis ,33, GK,6.87,Napoli,189,79,6,540,-,-,-,-,-,59.3,0.3,-,-,-,-,-,-,-,-,-,-,-,-,-,-,0.5,-,-,-,-,-,22.5,59.3,-,3.5,-
20,Piotr Zielinski ,24, AM(CL),6.94,Napoli,180,75,24(3),2088,4,-,5,-,2.3,90.1,0.4,-,4,-,2.3,1.6,1,0.8,0.1,1,1.6,1,0.5,0.8,-,0.3,0.7,0.1,-,-,1.6,50.0,90.1,0.2,2.4,0.1
21,Raúl Albiol ,33, D(C),6.92,Napoli,190,82,16,1440,1,-,4,-,0.3,88.7,2.3,-,1,-,0.3,0.3,-,0.2,-,0.1,0.3,1,1.2,0.6,0.7,4.9,0.4,0.8,-,-,0.3,58.1,88.7,0.1,7.2,0.1
22,Sebastiano Luperto ,22, Defender,6.55,Napoli,191,75,2(4),282,-,-,-,-,0.3,89.8,1.5,-,-,-,0.3,-,0.2,0.8,-,-,0.3,1,0.8,0.3,-,1.3,0.3,-,-,-,-,34.2,89.8,-,0.7,-
23,Simone Verdi ,26," AM(CLR),FW",6.6,Napoli,171,62,7(8),503,3,3,-,-,1,88.6,0.1,1,3,3,1,0.8,0.5,0.3,-,0.9,1.3,0.7,0.3,0.6,-,0.1,0.3,-,-,3,0.8,15.3,88.6,0.5,0.6,0.1
24,Vlad Chiriches ,29, D(CR),6.7,Napoli,184,75,1,46,-,-,-,-,-,96.8,1,-,-,-,-,-,1,-,-,-,1,1,1,-,-,-,2,2,-,-,-,31.0,96.8,-,3.0,-
0,Andrea Favilli ,21, Forward,6.45,Genoa,190,78,0(5),153,-,2,-,-,1,76.3,1.6,-,-,2,1,0.6,0.4,0.4,0.2,0.2,1.2,0.2,-,1.4,-,0.2,-,-,-,2,0.6,7.6,76.3,-,0.4,-
1,Antonio Sanabria ,23, FW,6.83,Genoa,180,70,7(1),604,3,-,1,-,3,73.3,3,-,3,-,3,0.8,0.9,1.1,0.1,1.8,2.4,0.6,0.5,1.9,-,0.1,0.1,-,-,-,0.8,13.1,73.3,-,0.6,-
2,Christian Kouamé ,21," AM(L),FW",7.08,Genoa,185,70,26(3),2395,4,5,4,-,2.3,67.6,4.8,1,4,5,2.3,1.3,1.1,2.1,0.3,2.1,2.8,0.9,0.7,1.1,-,0.7,0.4,-,-,5,1.3,25.4,67.6,0.2,0.4,-
3,Cristian Romero ,20, D(C),6.79,Genoa,185,79,20,1760,1,-,7,1,0.8,81.0,2.2,-,1,-,0.8,0.1,0.5,0.8,-,0.2,0.6,2,1.5,1.5,0.5,5,0.3,1.1,-,-,0.1,29.8,81.0,-,2.3,-
4,Daniel Bessa ,26, AM(C),6.57,Genoa,173,68,19(7),1878,1,3,7,-,1.1,85.2,0.3,-,1,3,1.1,1.2,0.4,0.6,0.2,1,1.3,1.9,0.6,1.5,-,0.2,0.8,0.2,-,3,1.2,32.7,85.2,0.4,1.5,-
5,Darko Lazovic ,28, M(LR),6.67,Genoa,181,66,26(3),2190,2,4,2,-,1.2,73.8,0.4,1,2,4,1.2,1.4,1.2,0.4,0.1,0.6,1.2,0.8,0.5,0.3,0.1,0.8,0.6,0.2,-,4,1.4,23.7,73.8,0.9,0.9,-
6,Davide Biraschi ,24, D(CR),6.79,Genoa,182,73,26,2280,-,-,3,-,0.3,68.8,2,2,-,-,0.3,0.3,1.4,1.1,-,0.6,0.7,1.8,2.1,1.1,0.5,2.9,0.5,0.5,1,-,0.3,34.6,68.8,0.3,2.4,-
7,Domenico Criscito ,32, D(CL),7.16,Genoa,183,75,27,2351,1,4,10,1,0.9,77.0,1.3,2,1,4,0.9,1.4,0.6,1.2,-,0.3,0.5,3.1,2.1,1.2,0.3,4,0.9,0.4,-,4,1.4,43.4,77.0,0.8,3.7,0.1
8,Ervin Zukanovic ,32, D(CL),6.56,Genoa,188,85,15(3),1364,-,-,4,-,0.7,85.7,1.9,-,-,-,0.7,0.4,0.1,0.3,-,0.3,0.1,0.9,0.8,1.1,0.6,3.8,0.7,0.5,-,-,0.4,40.0,85.7,0.3,2.1,-
9,Esteban Rolón ,24, DMC,6.59,Genoa,175,70,8(4),758,-,-,6,-,0.5,77.7,0.6,-,-,-,0.5,0.8,0.7,1,-,1.1,0.6,2.8,1.3,1.7,-,0.5,1.4,0.2,-,-,0.8,25.0,77.7,-,0.9,-
10,Federico Marchetti ,36, GK,6.26,Genoa,188,76,4,360,-,-,1,-,-,70.9,-,-,-,-,-,-,-,-,-,-,0.3,-,-,-,-,0.3,-,-,-,-,-,25.8,70.9,-,7.5,-
11,Gianluca Lapadula ,29, FW,6.08,Genoa,178,69,0(3),31,-,-,-,-,1.3,50.0,0.7,-,-,-,1.3,0.3,-,0.3,-,-,-,-,-,0.3,-,-,-,-,-,-,0.3,1.3,50.0,-,-,-
12,Giuseppe Pezzella ,21," D(L),M(L)",5.97,Genoa,185,81,0(2),4,-,-,-,-,-,66.7,-,-,-,-,-,-,-,-,-,1,-,-,-,-,-,-,-,-,-,-,-,1.5,66.7,-,-,-
13,Goran Pandev ,35," M(CR),FW",6.43,Genoa,184,75,7(12),671,3,1,4,-,0.8,76.7,0.5,1,3,1,0.8,0.8,0.5,1.5,-,0.8,1.3,0.5,0.1,0.4,-,0.2,0.3,-,-,1,0.8,12.2,76.7,0.2,0.9,0.1
14,Ionut Radu ,21, GK,6.62,Genoa,188,70,24,2160,-,-,-,-,-,45.3,0.5,-,-,-,-,0.1,0.1,-,-,-,-,-,-,-,-,1.1,-,-,-,-,0.1,26.4,45.3,-,7.9,-
15,Iuri Medeiros ,24," AM(R),FW",6.44,Genoa,174,66,2,108,-,-,-,-,1,90.2,0.5,-,-,-,1,1,1.5,1,-,0.5,1,1,-,0.5,-,-,0.5,-,-,-,1,20.5,90.2,-,3,-
16,Ivan Radovanovic ,30, DMC,6.76,Genoa,186,80,8,648,-,-,1,-,1.9,81.8,3.4,-,-,-,1.9,0.5,0.5,0.5,0.1,0.3,0.5,1.3,0.8,1.3,-,1.1,0.5,0.4,-,-,0.5,51.4,81.8,0.3,5.9,-
17,Jandrei ,26, GK,6.34,Genoa,186,74,1,90,-,-,-,-,-,62.1,-,-,-,-,-,-,-,-,-,-,-,-,-,-,-,-,1,-,-,-,-,29.0,62.1,-,15,-
18,Koray Günter ,24, D(C),6.4,Genoa,184,79,5(5),601,-,-,1,-,0.2,81.9,1.5,-,-,-,0.2,0.2,-,0.7,0.1,-,0.1,1.1,1.2,0.6,0.2,2.7,0.5,0.4,-,-,0.2,22.6,81.9,0.1,1.6,-
19,Krzysztof Piatek ,23, FW,7.2,Genoa,183,77,18(1),1594,13,-,5,-,4.1,73.2,2.3,2,13,-,4.1,0.8,0.4,1.8,0.6,1.2,2.5,0.5,0.2,1.6,0.1,1.1,0.7,0.2,-,-,0.8,15.7,73.2,-,0.7,0.1
20,Luca Mazzitelli ,23, DMC,6.22,Genoa,184,76,2(6),271,-,-,3,-,0.5,74.7,1.3,-,-,-,0.5,0.4,-,0.5,-,0.4,0.3,0.4,0.6,1.3,-,0.8,0.1,0.1,-,-,0.4,22.8,74.7,0.1,2.3,-
21,Lukas Lerager ,25, DMC,6.94,Genoa,185,80,8,687,1,-,1,-,1,74.7,2.1,1,1,-,1,1,0.1,2.1,0.1,0.5,0.4,3.5,1.5,2.4,-,0.9,2.5,-,-,-,1,30.1,74.7,0.8,1,-
22,Miguel Veloso ,32, M(C),6.33,Genoa,180,79,7(7),667,-,-,3,-,1.1,81.6,0.4,-,-,-,1.1,0.3,0.1,0.3,-,0.3,0.6,1.3,0.8,1.2,-,0.6,0.8,0.1,-,-,0.3,21.8,81.6,0.4,1.4,-
23,Nicola Dalmonte ,21, Forward,6.19,Genoa,168,62,0(3),41,-,-,-,-,1,84.2,-,-,-,-,1,0.3,-,0.3,-,0.7,0.3,0.7,-,0.3,-,-,-,-,-,-,0.3,6.3,84.2,0.3,-,-
24,Nicolás Spolli ,36, D(C),6.29,Genoa,193,88,7,540,-,-,2,-,0.4,87.7,1.3,-,-,-,0.4,0.1,-,0.6,-,-,0.3,1,1,1.1,0.4,5.6,0.3,0.9,1,-,0.1,25.6,87.7,-,1.1,-
25,Oscar Hiljemark ,26, AM(C),6.49,Genoa,185,75,15(2),1202,1,-,-,-,0.8,81.5,0.7,-,1,-,0.8,0.7,0.5,0.6,0.1,0.5,0.9,1,0.8,1.1,0.1,0.8,0.6,0.2,-,-,0.7,27.7,81.5,0.4,1.1,-
26,Pedro Pereira ,21," D(R),M(R)",6.36,Genoa,182,77,10(10),949,-,-,1,-,0.1,76.8,0.9,-,-,-,0.1,0.7,0.5,0.3,-,0.5,0.9,0.8,0.4,0.7,0.1,1.7,0.3,0.2,-,-,0.7,18.6,76.8,0.4,0.9,-
27,Rômulo ,31," D(R),M(CR)",6.74,Genoa,178,72,17,1358,1,2,-,1,0.8,79.3,0.2,-,1,2,0.8,1.4,1,1.1,0.2,0.3,1.1,1.5,1.1,1.1,0.2,0.9,0.6,0.2,-,2,1.4,30.1,79.3,1.4,1.3,-
28,Sandro ,30, M(C),6.65,Genoa,187,82,9(4),714,-,1,3,-,0.4,78.9,1.8,-,-,1,0.4,0.5,-,0.8,0.2,0.2,0.2,2.1,1.5,1.6,-,1.8,0.6,0.3,-,1,0.5,25.5,78.9,-,1.4,-
29,Stefano Sturaro ,26, M(CL),6.75,Genoa,181,80,1(1),90,1,-,-,-,1,67.9,0.5,-,1,-,1,-,1,1.5,-,1.5,3,1,0.5,1,-,0.5,-,-,-,-,-,14.0,67.9,-,-,-
30,Stephane Omeonga ,23, M(C),5.95,Genoa,177,72,0(3),54,-,-,1,-,-,76.9,0.7,-,-,-,-,0.7,-,0.3,-,0.7,-,0.3,-,1.3,-,0.7,0.3,-,-,-,0.7,8.7,76.9,-,-,-
0,Alberto Cerri ,22, FW,6.25,Cagliari,194,91,5(5),448,-,-,2,-,1.6,58.7,2.8,-,-,-,1.6,0.7,0.3,0.6,0.2,1.1,1.5,0.3,0.2,1.2,-,0.2,0.3,0.1,-,-,0.7,13.8,58.7,-,0.3,-
1,Alessandro Deiola ,23, M(C),6.04,Cagliari,189,85,3(3),260,-,-,2,-,1,71.7,0.7,-,-,-,1,-,-,-,-,0.8,1,0.8,0.3,0.7,-,0.5,1,-,-,-,-,15.3,71.7,-,0.8,-
2,Alessio Cragno ,24, GK,7.06,Cagliari,184,78,30,2700,-,-,1,-,-,61.9,0.4,7,-,-,-,-,-,0.1,-,-,0.1,-,0.1,-,-,0.7,-,-,-,-,-,28.0,61.9,-,9.4,-
3,Artur Ionita ,28, AM(C),6.65,Cagliari,186,75,27(3),2369,3,2,4,-,0.9,83.5,2.5,1,3,2,0.9,0.4,0.4,0.3,0.1,1.1,0.9,1.9,0.7,1.9,-,0.8,0.9,0.2,-,2,0.4,30.1,83.5,0.2,0.8,-
4,Charalampos Lykogiannis ,25," D(L),M(L)",6.66,Cagliari,190,82,6(1),554,-,1,1,-,0.4,67.4,1.4,-,-,1,0.4,0.7,0.3,0.1,0.1,0.3,0.7,1.1,2.1,1.3,0.3,2.9,0.4,0.4,-,1,0.7,27.6,67.4,0.6,2,-
5,Cyril Théréau ,35," AM(CL),FW",6.25,Cagliari,189,78,1(3),117,-,-,-,-,0.5,70.5,1.8,-,-,-,0.5,-,0.5,-,-,1.5,0.3,0.3,-,0.5,-,0.5,-,-,-,-,-,15.3,70.5,-,-,-
6,Daniele Dessena ,31," D(R),M(C)",6.13,Cagliari,183,75,3(8),348,-,-,3,-,0.5,75.7,0.8,-,-,-,0.5,0.1,-,0.8,-,0.2,1.1,0.2,0.3,0.5,-,0.3,0.2,0.1,-,-,0.1,15.7,75.7,0.1,0.6,-
7,Darijo Srna ,36, D(R),6.72,Cagliari,182,78,21(1),1818,-,4,5,1,0.4,81.7,1.3,-,-,4,0.4,1.8,0.4,2.8,-,0.5,0.9,1,0.7,0.9,0.3,2.1,0.2,0.2,-,4,1.8,48.5,81.7,1.6,3.6,0.1
8,Diego Farias ,28," AM(CLR),FW",6.35,Cagliari,172,63,7(9),700,3,-,3,-,1.4,81.0,0.3,-,3,-,1.4,0.3,0.3,0.8,0.4,1.1,1,0.8,0.1,0.6,-,0.3,0.6,0.1,-,-,0.3,13.8,81.0,0.1,0.4,-
9,Fabio Pisacane ,33, D(CLR),6.54,Cagliari,178,77,20(2),1904,1,-,4,-,0.2,82.8,1.5,-,1,-,0.2,0.1,0.1,0.8,-,0.2,0.5,1.2,0.8,0.9,0.6,4,0.6,0.9,-,-,0.1,42.8,82.8,-,2.7,-
10,Fabrizio Cacciatore ,32, D(LR),7.74,Cagliari,182,81,2,163,-,2,-,-,0.5,77.2,-,-,-,2,0.5,1.5,-,-,-,-,-,1.5,1.5,0.5,-,2,-,-,-,2,1.5,39.5,77.2,1.5,2,-
11,Filip Bradaric ,27, DMC,6.4,Cagliari,186,78,15(8),1273,-,-,5,-,0.6,85.9,0.7,-,-,-,0.6,0.3,-,0.3,-,0.5,0.3,0.9,1.5,0.8,-,1.8,0.3,0.1,1,-,0.3,38.8,85.9,-,2.6,0.1
12,Filippo Romagna ,21, D(C),6.55,Cagliari,186,75,13,1160,-,-,2,-,0.3,88.9,2.2,-,-,-,0.3,-,-,0.9,-,-,0.2,0.8,1.1,0.6,0.8,4.1,0.2,0.5,-,-,-,40.8,88.9,-,2.6,-
13,Francesco Verde ,19, Forward,6.19,Cagliari,187,0,0(1),11,-,-,-,-,-,50.0,1,-,-,-,-,-,-,1,-,-,-,1,-,1,-,-,-,-,-,-,-,2.0,50.0,-,-,-
14,João Pedro ,27," AM(C),FW",6.72,Cagliari,184,73,24(2),2052,6,2,3,1,1.9,75.4,2,1,6,2,1.9,1.1,0.6,1.8,0.3,1.4,1.8,0.5,0.2,1.5,-,0.4,0.2,0.1,-,2,1.1,23.0,75.4,0.6,0.7,-
15,Kiril Despodov ,22, Forward,6.07,Cagliari,178,69,0(4),102,-,-,-,-,-,40.0,0.3,-,-,-,-,-,0.3,0.3,0.5,0.3,1,-,-,0.8,-,-,0.3,-,-,-,-,3.8,40.0,-,-,-
16,Leonardo Pavoletti ,30, FW,7.22,Cagliari,188,80,23(1),2049,10,1,5,-,2.7,68.0,7.8,5,10,1,2.7,0.6,0.3,1.3,0.8,1.2,2.5,0.9,0.3,2.6,-,0.7,0.3,0.1,-,1,0.6,26.2,68.0,-,0.4,-
17,Luca Ceppitelli ,29, D(C),6.63,Cagliari,186,80,20,1694,1,1,4,2,0.6,81.3,2.7,-,1,1,0.6,0.1,0.1,0.6,-,0.2,0.2,1.9,0.8,0.9,0.8,4.6,0.4,1,1,1,0.1,49.4,81.3,-,4.4,-
18,Luca Cigarini ,32, M(C),6.78,Cagliari,175,72,14(5),1197,-,-,7,-,0.6,80.5,0.8,-,-,-,0.6,1.2,0.5,0.7,-,0.4,0.5,2.1,1.2,1.5,-,1.6,1.3,0.2,-,-,1.2,47.6,80.5,1.2,2.9,0.1
19,Luca Pellegrini ,20, D(L),6.64,Cagliari,178,72,6(1),499,-,1,2,-,0.3,67.6,0.9,-,-,1,0.3,0.6,0.6,0.3,-,0.9,1,2.3,1.9,1.4,-,1.4,1,0.4,-,1,0.6,24.7,67.6,0.9,1.9,-
20,Lucas Castro ,29, AM(CLR),6.82,Cagliari,182,75,9(1),819,1,2,1,-,0.7,79.5,1,1,1,2,0.7,1.3,0.7,1,0.2,1.8,2.8,1.6,1.5,1.6,-,0.6,1.4,0.4,-,2,1.3,39.6,79.5,0.8,0.8,-
21,Marco Andreolli ,32, D(C),6.07,Cagliari,187,81,1(2),104,-,-,1,-,0.3,90.3,2,-,-,-,0.3,-,-,-,-,-,-,0.3,0.3,1.3,-,1.7,-,0.3,-,-,-,24.0,90.3,-,1,-
22,Marco Sau ,31," AM(C),FW",6.09,Cagliari,169,65,5(9),554,1,-,4,-,0.6,89.4,0.1,-,1,-,0.6,0.5,0.4,0.5,0.3,0.9,1.5,0.3,0.1,0.6,-,0.3,0.3,-,-,-,0.5,10.1,89.4,-,0.1,-
23,Marko Pajac ,25, Midfielder,6.33,Cagliari,185,66,0(3),98,-,-,-,-,-,82.1,0.3,-,-,-,-,0.3,0.3,-,-,1,0.7,0.3,0.3,0.7,0.3,0.3,-,0.3,-,-,0.3,13.0,82.1,1,0.3,-
24,Nicolò Barella ,22, AM(C),6.76,Cagliari,175,68,28,2482,1,2,6,1,1.5,81.5,0.6,1,1,2,1.5,1.1,1.1,2.5,-,1.9,3.3,2.9,1.3,1.5,-,0.7,1.5,-,-,2,1.1,50.9,81.5,0.5,3,0.1
25,Paolo Faragò ,26," D(R),DMC,M(R)",6.6,Cagliari,187,80,14(9),1438,-,1,6,-,0.7,75.6,2,-,-,1,0.7,0.8,0.5,0.9,-,0.7,1.1,1.7,0.5,1.3,-,1.2,1.2,-,-,1,0.8,27.4,75.6,0.6,1,-
26,Ragnar Klavan ,33, D(C),6.5,Cagliari,187,85,10,812,-,-,-,-,0.1,81.6,1.7,-,-,-,0.1,-,0.1,0.1,-,0.1,0.4,0.5,1,0.3,0.6,4.4,0.4,1.2,-,-,-,42.9,81.6,-,3.1,-
27,Riccardo Doratiotto ,19, Forward,6.16,Cagliari,178,0,1,79,-,-,-,-,-,60.0,4,-,-,-,-,-,-,-,-,2,3,1,-,2,-,-,-,-,-,-,-,10.0,60.0,-,-,-
28,Simone Padoin ,35," D(LR),M(CLR)",6.48,Cagliari,179,73,20(4),1713,-,2,1,-,0.1,81.8,0.7,-,-,2,0.1,0.6,0.3,0.8,-,0.3,0.6,1.2,0.5,0.5,0.2,1.7,0.7,0.2,-,2,0.6,30.7,81.8,0.7,1.8,-
29,Valter Birsa ,32," M(CLR),FW",6.14,Cagliari,184,83,2(4),147,-,-,-,-,0.3,83.5,-,-,-,-,0.3,0.2,0.2,0.2,-,0.5,-,0.2,0.2,0.2,-,0.3,0.5,-,-,-,0.2,15.2,83.5,0.3,1.2,-
0,Andrea Ranocchia ,31, D(C),6.18,Inter,195,81,0(4),61,-,-,1,-,0.5,53.3,1.5,-,-,-,0.5,-,-,-,-,-,-,0.5,-,1,-,0.8,0.3,-,-,-,-,7.5,53.3,-,0.5,-
1,Antonio Candreva ,32, M(CLR),6.31,Inter,180,70,5(10),441,1,-,-,-,1.3,80.9,0.1,-,1,-,1.3,0.6,0.3,0.5,0.2,0.5,0.5,0.1,0.1,0.5,-,0.4,0.5,-,-,-,0.6,12.2,80.9,0.8,0.4,-
2,Borja Valero ,34, M(CL),6.4,Inter,175,73,8(12),854,-,1,2,-,0.6,92.7,0.1,-,-,1,0.6,0.7,0.2,0.5,-,0.2,0.4,0.6,0.4,0.6,-,0.8,1.1,-,-,1,0.7,36.4,92.7,0.3,1.8,0.1
3,Cédric Soares ,27," D(R),M(R)",6.75,Inter,172,67,2(1),169,-,1,-,-,0.7,70.5,0.7,-,-,1,0.7,1.7,-,0.7,-,0.3,1.7,2.3,0.3,0.7,-,0.7,0.7,0.3,-,1,1.7,31.7,70.5,2.3,1.0,-
4,Dalbert ,25," D(L),M(L)",7.04,Inter,181,70,9(1),762,-,1,2,-,0.6,80.0,2.4,1,-,1,0.6,0.9,0.2,1.7,-,0.6,0.8,3.2,0.8,0.7,-,1.1,0.8,0.3,-,1,0.9,40.6,80.0,1.1,2.1,-
5,Danilo D'Ambrosio ,30," D(CLR),M(LR)",6.88,Inter,180,75,21(1),1861,2,3,4,-,0.4,82.9,1.1,1,2,3,0.4,1.1,0.4,1.2,0.3,0.7,0.9,2.2,1,1.7,0.4,1.3,0.8,0.3,-,3,1.1,51.0,82.9,0.6,2.9,0.1
6,Ivan Perisic ,30, AM(CLR),6.93,Inter,186,80,21(4),1944,4,2,2,-,2.7,72.3,1.7,4,4,2,2.7,1.6,0.7,0.4,0.3,0.5,1.2,0.9,0.7,0.8,-,1.5,0.9,0.1,1,2,1.6,30.4,72.3,1,1.0,0.1
7,João Mário ,26, M(CLR),6.78,Inter,179,73,12(4),1035,1,2,2,-,0.9,84.8,0.3,1,1,2,0.9,1,1.3,1.1,-,1.2,1.7,1.7,0.4,0.8,-,0.1,1.3,-,-,2,1,40.7,84.8,0.4,0.9,-
8,Keita ,24," AM(LR),FW",6.7,Inter,181,80,8(10),779,4,2,1,-,1.4,85.8,0.2,1,4,2,1.4,1.1,0.9,1.1,0.3,0.8,1.1,0.5,0.1,0.7,-,-,0.3,-,-,2,1.1,14.1,85.8,0.6,0.2,-
9,Kwadwo Asamoah ,30," D(L),M(CL)",6.87,Inter,173,75,21(2),1906,-,-,5,-,0.2,88.6,0.5,1,-,-,0.2,0.9,1.3,2,-,0.7,1,1.2,1.2,0.9,0.3,1.1,0.7,0.2,-,-,0.9,57.2,88.6,0.5,3.5,-
10,Lautaro Martínez ,21, FW,6.71,Inter,174,81,10(11),1051,6,2,4,-,2.3,70.5,1,-,6,2,2.3,0.9,0.6,1.7,0.1,1.3,2,0.2,0.1,1.1,-,0.3,0.2,-,-,2,0.9,9.0,70.5,-,0.5,0.1
11,Marcelo Brozovic ,26, M(CR),7.08,Inter,181,68,25(1),2208,2,1,9,1,0.8,89.3,0.8,4,2,1,0.8,1.5,0.8,1,-,0.8,1.3,3,1.4,1.6,-,0.9,1.7,0.2,-,1,1.5,76.5,89.3,0.8,6.8,0.1
12,Matteo Politano ,25," AM(LR),FW",6.9,Inter,171,67,22(5),1889,4,4,3,1,2.1,79.0,0.2,-,4,4,2.1,1.6,1.4,1.1,-,1,1.4,0.6,0.4,0.4,-,0.3,0.7,-,-,4,1.6,32.6,79.0,1.5,1.5,-
13,Matías Vecino ,27, DMC,6.67,Inter,187,81,17(6),1470,2,1,6,-,1.4,81.7,1.7,1,2,1,1.4,0.6,0.5,0.9,0.2,0.6,0.8,1.4,0.6,1.4,-,0.7,0.9,0.3,-,1,0.6,33.2,81.7,0.1,0.9,-
14,Mauro Icardi ,26, FW,6.86,Inter,181,75,18(2),1670,9,2,-,-,2.7,69.5,1.7,2,9,2,2.7,1.2,0.4,0.6,0.9,0.9,1.6,0.4,0.1,0.9,0.1,0.8,0.2,0.1,-,2,1.2,14.9,69.5,0.2,0.5,-
15,Milan Skriniar ,24, D(C),6.93,Inter,187,80,26,2340,-,1,4,-,0.4,92.3,1.9,-,-,1,0.4,0.2,0.2,0.8,-,0.2,0.7,2,0.9,1.2,0.6,4.1,0.7,1,1,1,0.2,65.6,92.3,-,3.5,-
16,Miranda ,34, D(C),6.49,Inter,186,78,10,801,-,-,3,-,0.1,88.9,1.5,-,-,-,0.1,0.1,0.1,0.8,-,0.1,0.5,0.9,1.3,1.6,0.3,3.7,0.3,0.5,-,-,0.1,52.1,88.9,-,3.2,-
17,Radja Nainggolan ,30, M(C),6.83,Inter,176,65,14(6),1237,3,3,2,-,2,84.6,0.4,1,3,3,2,1.3,0.8,1,-,1.3,1.9,1.3,0.4,1.1,-,0.2,0.5,0.1,-,3,1.3,30.5,84.6,0.4,1.6,0.1
18,Roberto Gagliardini ,24, DMC,6.88,Inter,190,77,10(4),830,3,-,4,-,1.4,86.2,2.1,1,3,-,1.4,0.9,0.1,1.2,-,0.5,1.3,1,1,1.6,-,1,0.9,0.2,-,-,0.9,37.9,86.2,0.1,0.8,0.1
19,Samir Handanovic ,34, GK,6.83,Inter,193,92,29,2610,-,-,-,-,-,79.6,0.2,-,-,-,-,-,-,0.2,-,-,-,-,-,-,-,0.4,-,-,-,-,-,25.4,79.6,-,4.9,-
20,Sime Vrsaljko ,27," D(LR),M(R)",7.08,Inter,181,76,8(2),726,-,2,2,-,0.2,85.9,1.2,-,-,2,0.2,1.6,0.2,1,0.1,0.4,0.8,2,1.1,0.9,0.1,2.1,0.5,0.1,-,2,1.6,49.6,85.9,2.1,1.8,-
21,Stefan de Vrij ,27, D(C),6.86,Inter,189,78,23,2070,2,-,2,-,0.6,91.2,1.9,-,2,-,0.6,0.2,0.2,0.3,-,0.1,0.2,0.9,1,0.4,0.6,3.3,0.3,1,1,-,0.2,58.9,91.2,-,3.6,-
22,Yann Karamoh ,20," AM(R),FW",6.11,Inter,185,77,0(1),4,-,-,-,-,-,66.7,-,-,-,-,-,-,1,-,-,-,1,-,-,-,-,-,-,-,-,-,-,3.0,66.7,-,1.0,-
0,Adem Ljajic ,27," AM(CLR),FW",6.28,Torino,182,74,0(1),29,-,-,-,-,2,85.7,-,-,-,-,2,-,-,1,-,-,-,-,-,-,-,-,1,-,-,-,-,21,85.7,-,-,-
1,Alex Berenguer ,23," D(LR),M(L)",6.55,Torino,175,70,7(16),833,1,2,2,-,0.5,76.2,0.6,-,1,2,0.5,1,0.9,0.9,0.1,1.4,1.3,1,0.3,0.7,-,0.4,0.3,-,-,2,1,16.3,76.2,0.8,0.7,-
2,Andrea Belotti ,25, FW,7.15,Torino,181,72,29,2581,10,2,4,-,3.2,64,4.3,4,10,2,3.2,0.9,0.9,3.2,0.9,2.1,3.2,0.8,0.4,1.7,0.1,0.6,0.6,0.1,-,2,0.9,20.6,64,0.1,0.6,0.1
3,Armando Izzo ,27, D(C),7.24,Torino,183,78,28,2470,4,-,5,-,0.8,77.5,3.3,5,4,-,0.8,0.2,0.2,1.4,-,0.4,0.4,2.3,2,1.6,0.1,4,0.3,0.6,-,-,0.2,49,77.5,-,4.3,-
4,Bremer ,22, D(C),6.27,Torino,188,80,0(1),11,-,-,-,-,-,75,2,-,-,-,-,-,-,1,-,-,-,-,1,-,-,-,-,-,-,-,-,4,75,-,-,-
5,Cristian Ansaldi ,32," D(CLR),DMC,M(LR)",7.19,Torino,181,76,16(1),1277,2,2,2,-,1.6,75.4,0.2,1,2,2,1.6,1.5,2.1,1.2,0.1,1.5,2.1,2.4,0.5,0.9,0.2,0.9,0.8,0.2,-,2,1.5,23.9,75.4,1.6,2.2,-
6,Daniele Baselli ,27, M(C),6.83,Torino,182,70,20(6),1759,4,1,4,-,1,80.5,0.7,-,4,1,1,1.2,0.6,0.9,-,1,1.3,1.8,0.8,1.5,-,0.8,0.8,0.2,-,1,1.2,32.2,80.5,0.5,1.5,-
7,Emiliano Moretti ,37, D(CL),6.65,Torino,185,80,15(1),1382,-,-,3,-,0.1,85,1.7,-,-,-,0.1,0.1,0.1,0.7,-,0.3,0.3,1.4,1.1,1.1,0.6,2.9,0.3,0.1,-,-,0.1,45.4,85,0.1,2.5,-
8,Iago Falque ,29," AM(CLR),FW",6.81,Torino,174,69,18(5),1445,4,4,1,-,2.2,82.1,0.2,1,4,4,2.2,2,0.7,0.7,0.3,1.3,1.8,0.6,0.1,0.7,-,0.1,0.5,-,-,4,2,31.9,82.1,0.9,1.4,0.1
9,Koffi Djidji ,26, D(CL),6.92,Torino,184,71,16,1380,-,-,2,-,0.1,83,1.4,1,-,-,0.1,-,0.9,0.1,-,0.4,0.7,2.3,1.5,0.8,0.8,3.8,0.5,1.2,-,-,-,36.8,83,-,2.6,-
10,Lorenzo De Silvestri ,30," D(R),M(R)",6.62,Torino,186,84,22(2),1780,1,1,1,-,1,65.5,2.6,-,1,1,1,0.7,0.1,0.6,0.2,0.5,1.3,0.5,0.6,0.9,0.1,2,0.4,0.1,-,1,0.7,25.7,65.5,0.8,0.7,-
11,Lyanco ,22, D(C),6.32,Torino,188,83,1(1),90,-,-,1,-,-,80,0.5,-,-,-,-,-,0.5,0.5,-,-,1,0.5,2,0.5,-,2.5,-,0.5,-,-,-,12.5,80,-,0.5,-
12,Nicolas Nkoulou ,29, D(C),6.88,Torino,180,77,27,2405,2,-,5,1,0.1,91,1.7,1,2,-,0.1,0.1,0.2,0.7,-,0.3,0.2,1.4,1.8,1,0.3,4.4,0.3,0.8,-,-,0.1,38.2,91,-,3,-
13,Ola Aina ,22," D(LR),M(LR)",6.97,Torino,182,82,19(5),1863,1,2,5,1,0.8,77.8,1.5,1,1,2,0.8,0.9,1.2,1.4,0.1,0.8,1.3,1.9,1.5,1.1,0.2,1.3,0.8,0.1,-,2,0.9,30.6,77.8,0.6,1.6,-
14,Roberto Soriano ,28, AM(CL),6.46,Torino,182,76,6(5),468,-,2,1,-,0.5,84.6,0.6,-,-,2,0.5,0.8,0.9,0.9,0.2,0.8,0.9,0.8,0.5,1.3,-,0.1,0.6,-,-,2,0.8,19.5,84.6,0.3,0.1,-
15,Salvador Ichazo ,27, GK,6.8,Torino,187,81,2(1),250,-,-,-,-,-,53.8,0.3,-,-,-,-,-,-,-,-,-,-,-,-,0.3,-,0.3,-,-,-,-,-,26,53.8,-,9,-
16,Salvatore Sirigu ,32, GK,7.01,Torino,192,80,27,2360,-,-,1,-,-,58.7,0.6,2,-,-,-,-,-,0.1,-,-,-,-,-,-,-,1,0.1,-,-,-,-,28.1,58.7,-,9.9,-
17,Sasa Lukic ,22, DMC,6.41,Torino,182,74,7(10),655,-,-,4,-,0.2,89.2,0.4,-,-,-,0.2,0.6,0.2,0.7,-,0.6,0.6,0.9,0.7,1.5,-,0.4,0.5,0.2,-,-,0.6,17.9,89.2,0.5,0.6,-
18,Simone Edera ,22, Forward,6.09,Torino,176,70,1(2),77,-,-,-,-,0.3,87.1,0.3,-,-,-,0.3,0.7,-,0.3,-,0.7,1.3,-,0.3,0.7,-,-,0.3,-,-,-,0.7,10.3,87.1,0.3,-,-
19,Simone Zaza ,27, FW,6.52,Torino,186,84,10(13),1242,2,3,7,-,2,67.5,2,-,2,3,2,0.7,-,1.1,0.6,1.1,2.2,0.7,0.2,1.7,-,0.3,0.3,-,-,3,0.7,10.7,67.5,-,0.3,-
20,Soualiho Meité ,25, AM(C),6.79,Torino,187,80,21(5),1875,2,2,7,1,0.8,82.1,2.4,1,2,2,0.8,0.9,1.3,1.6,-,1.2,1.8,1.2,0.6,1.7,-,0.6,0.5,0.2,-,2,0.9,31.2,82.1,0.2,1.5,-
21,Tomás Rincón ,31, M(CR),6.98,Torino,177,76,25(1),2202,3,1,11,-,1,79.3,2.4,1,3,1,1,0.8,0.9,1.3,-,1,1,1.9,1,2.3,-,2.2,1.2,0.2,-,1,0.8,41.8,79.3,0.2,3.8,-
22,Vincenzo Millico ,18, Forward,6.0,Torino,173,68,0(1),1,-,-,-,-,-,-,-,-,-,-,-,-,-,-,-,-,-,-,-,-,-,-,-,-,-,-,-,-,-,-,-,-
23,Vittorio Parigini ,23, AM(CL),6.22,Torino,180,71,2(10),258,-,-,-,-,0.4,69.1,0.3,-,-,-,0.4,0.6,0.4,0.8,-,0.7,1.2,0.5,0.1,0.5,-,0.3,0.3,-,-,-,0.6,5.7,69.1,0.3,0.2,-
0,Andrija Balic ,21, M(C),6.03,Udinese,180,71,0(4),23,-,-,-,-,0.3,100.0,-,-,-,-,0.3,0.3,-,-,-,0.5,-,0.3,-,0.3,-,-,0.3,-,-,-,0.3,6.3,100.0,-,0.8,-
1,Antonin Barak ,24, AM(C),6.19,Udinese,190,86,4(4),329,-,-,-,-,0.5,84.5,0.6,-,-,-,0.5,0.3,0.4,0.4,-,0.9,0.8,1.1,0.3,0.5,-,0.3,1.1,-,-,-,0.3,21.8,84.5,-,0.3,-
2,Ben Wilmot ,19, Defender,6.21,Udinese,188,80,1(1),91,-,-,-,-,-,77.8,0.5,-,-,-,-,-,-,-,-,-,0.5,-,0.5,-,-,4,1,0.5,-,-,-,22.5,77.8,-,2,-
3,Bram Nuytinck ,28, D(C),6.68,Udinese,190,80,23(1),2005,-,-,4,1,0.2,81.6,1.6,1,-,-,0.2,0.2,0.1,0.2,-,0.1,0.3,1.9,1.1,1,0.1,4.5,0.3,1,-,-,0.2,35.4,81.6,-,2.8,-
4,Darwin Machís ,26, AM(L),6.36,Udinese,170,68,4(9),457,-,1,2,-,1.2,80.1,0.3,-,-,1,1.2,0.8,1,0.9,-,0.7,1.7,0.5,0.2,0.5,-,0.5,0.3,-,-,1,0.8,10.5,80.1,0.2,0.3,-
5,Emmanuel Badu ,28, DMC,6.11,Udinese,173,71,0(1),5,-,-,-,-,-,100.0,1,-,-,-,-,-,-,-,-,-,-,-,-,-,-,-,-,-,-,-,-,2.0,100.0,-,-,-
6,Felipe Vizeu ,22, FW,6.01,Udinese,185,83,0(5),28,-,-,-,-,0.2,71.4,0.2,-,-,-,0.2,0.4,-,-,-,0.2,0.4,-,-,0.2,-,-,-,-,-,-,0.4,1.4,71.4,-,-,-
7,Giuseppe Pezzella ,21," D(L),M(L)",6.31,Udinese,185,81,2(2),184,-,-,1,-,0.3,63.8,-,-,-,-,0.3,0.5,0.3,0.5,-,0.3,0.5,1.3,0.3,1,0.3,1.5,1.5,0.3,-,-,0.5,11.8,63.8,0.3,0.8,-
8,Hidde ter Avest ,21," D(R),M(R)",6.58,Udinese,182,78,11(1),891,-,1,-,-,0.2,73.1,0.8,-,-,1,0.2,0.7,0.3,0.5,-,0.5,0.5,1.9,0.8,0.3,0.1,1.6,0.5,0.2,-,1,0.7,28.5,73.1,0.6,0.6,-
9,Ignacio Pussetto ,23," AM(CLR),FW",6.99,Udinese,180,74,20(7),1805,4,4,8,-,1.9,69.2,3.1,3,4,4,1.9,0.8,1.5,1.7,0.6,1.4,2.8,2.1,0.9,1.6,-,0.8,0.7,0.1,-,4,0.8,20.0,69.2,0.1,0.3,-
10,Jens Stryger Larsen ,28," D(CLR),M(R)",6.48,Udinese,180,74,28,2516,1,4,5,-,0.4,79.8,0.8,-,1,4,0.4,0.8,0.2,0.4,0.1,0.7,0.8,1.2,0.6,0.4,0.1,2.2,0.8,0.1,-,4,0.8,41.3,79.8,0.5,1.8,-
11,Juan Musso ,24, GK,6.85,Udinese,191,93,20,1800,-,-,2,-,-,55.5,0.5,3,-,-,-,0.1,-,0.3,-,-,0.1,-,-,0.1,0.1,1.3,0.1,-,-,-,0.1,27.7,55.5,-,9.6,-
12,Kevin Lasagna ,26," AM(L),FW",6.57,Udinese,185,80,19(8),1812,6,1,2,-,1.8,71.9,2.5,-,6,1,1.8,0.6,0.3,0.9,0.6,0.6,2.1,0.1,0.2,0.7,-,0.9,0.1,0.1,-,1,0.6,12.4,71.9,0.2,0.2,-
13,Lukasz Teodorczyk ,27, FW,6.09,Udinese,185,76,1(10),248,1,-,1,-,0.7,64.1,1,-,1,-,0.7,0.1,0.1,0.5,0.2,0.9,0.8,0.2,0.1,1.5,-,0.3,0.2,0.1,-,-,0.1,3.5,64.1,-,0.1,0.1
14,Marco D'Alessandro ,28, M(LR),6.57,Udinese,173,71,10(6),871,-,1,2,-,0.4,75.5,0.2,-,-,1,0.4,0.6,1.2,1.1,0.1,0.5,0.9,2.1,0.4,0.7,0.1,1.1,0.6,0.1,-,1,0.6,18.6,75.5,0.3,0.4,-
15,Marvin Zeegelaar ,28," D(L),M(L)",6.87,Udinese,186,84,5(2),532,-,-,3,-,-,82.9,1.3,-,-,-,-,0.3,1.7,0.7,0.1,0.4,1.4,2.4,1.6,1,0.1,2.3,0.7,0.3,-,-,0.3,24.3,82.9,0.1,0.7,-
16,Molla Wagué ,28, D(C),6.49,Udinese,191,87,1(1),94,-,-,-,-,1.5,87.8,1.5,-,-,-,1.5,-,-,0.5,-,0.5,1,0.5,2,0.5,-,2.5,0.5,-,-,-,-,24.5,87.8,-,2.5,-
17,Nicholas Opoku ,21, D(C),6.4,Udinese,190,0,8(3),820,-,-,5,-,0.4,85.4,1.5,-,-,-,0.4,0.1,0.3,0.4,-,0.5,0.3,1.5,1.6,0.7,0.1,2.4,0.7,0.4,-,-,0.1,32.5,85.4,-,2,-
18,Rodrigo de Paul ,24," AM(CLR),FW",7.26,Udinese,180,70,28,2490,7,4,6,-,2.3,76.5,0.1,4,7,4,2.3,2.6,2.3,2.5,-,1.9,2.3,1.4,0.7,0.8,-,0.3,0.8,0.1,-,4,2.6,45.6,76.5,1.3,4.9,0.3
19,Rolando Mandragora ,21, DMC,6.71,Udinese,183,76,24(2),2150,2,1,5,1,1.1,83.8,1.8,-,2,1,1.1,0.7,0.1,1.2,-,0.4,0.7,2.2,1.3,1.3,-,1.5,1.5,0.2,-,1,0.7,32.7,83.8,0.3,1.6,-
20,Samir ,24, D(CL),6.88,Udinese,189,73,14,1170,-,-,3,-,0.3,82.1,2.7,-,-,-,0.3,0.4,0.4,1.2,0.1,0.2,1,2.1,1.9,1.5,-,3.2,0.2,0.4,-,-,0.4,32.7,82.1,0.2,0.9,-
21,Sandro ,30, M(C),6.39,Udinese,187,82,2(2),169,-,-,2,-,0.8,82.9,1,-,-,-,0.8,0.5,0.3,1.3,-,0.3,0.3,1,0.5,1.5,-,1.3,0.5,-,-,-,0.5,19.0,82.9,-,0.8,-
22,Sebastien De Maio ,32, D(C),6.47,Udinese,190,90,6(1),562,-,-,-,1,0.6,77.0,2.6,-,-,-,0.6,0.1,0.1,0.1,-,-,0.1,1.3,0.4,0.9,0.1,6.7,0.9,0.9,-,-,0.1,28.0,77.0,-,3,-
23,Seko Fofana ,23, M(C),6.74,Udinese,183,74,28,2449,2,4,5,-,2,85.7,0.5,-,2,4,2,1.3,1.9,1,-,1.8,2.5,0.9,1,1,-,0.5,1,0.2,-,4,1.3,37.6,85.7,0.5,2.1,0.1
24,Simone Scuffet ,22, GK,6.42,Udinese,193,75,9,810,-,-,-,-,-,64.1,0.4,-,-,-,-,-,-,0.1,-,-,0.1,-,-,-,-,1,0.1,-,-,-,-,25.7,64.1,-,8,-
25,Stefano Okaka ,29, FW,6.86,Udinese,186,82,6(3),515,2,-,3,-,1.2,67.7,3.8,-,2,-,1.2,1,1.2,2,0.6,2.2,3,1,-,2.1,-,0.9,0.4,0.1,-,-,1,13.8,67.7,-,0.3,-
26,Svante Ingelsson ,20, AM(R),5.99,Udinese,189,83,0(2),50,-,-,-,-,1,72.2,-,-,-,-,1,-,-,0.5,-,-,1,0.5,-,0.5,-,0.5,-,-,-,-,-,9.0,72.2,-,0.5,-
27,Valon Behrami ,33, M(C),6.72,Udinese,185,78,17(2),1368,1,-,6,-,0.5,82.1,1.3,1,1,-,0.5,0.3,0.3,1.8,-,0.9,0.8,3.5,0.9,2.4,-,1.3,1.4,0.6,-,-,0.3,24.4,82.1,-,0.3,-
28,William Troost-Ekong ,25, D(C),6.7,Udinese,191,82,28,2465,-,-,3,-,0.2,81.9,2.8,-,-,-,0.2,0.1,0.1,0.3,-,0.2,0.3,1,1.2,0.9,0.3,5.5,0.3,1.1,-,-,0.1,32.1,81.9,-,3.2,-
0,Alex Sandro ,28," D(L),M(L)",7.23,Juventus,180,80,24(2),2111,-,2,6,-,0.8,84.5,1.8,2,-,2,0.8,1.3,1.1,1.8,-,0.9,1.3,2.3,1.3,1.7,0.2,2,0.5,0.3,-,2,1.3,54.3,84.5,0.7,2.7,-
1,Andrea Barzagli ,37, D(CR),6.34,Juventus,187,87,2(3),119,-,-,-,-,-,92.2,0.4,-,-,-,-,-,-,0.2,-,0.4,-,0.2,0.4,0.2,-,1,-,0.2,-,-,-,25.6,92.2,-,3.2,-
2,Blaise Matuidi ,31, M(CL),6.92,Juventus,180,75,24(2),2019,3,2,3,-,0.7,87.2,0.8,-,3,2,0.7,0.7,0.7,0.8,0.3,0.5,1.2,1.8,0.9,1,-,0.5,0.5,0.3,-,2,0.7,39.3,87.2,0.2,1.7,-
3,Cristiano Ronaldo ,34," M(L),FW",7.78,Juventus,187,83,25(1),2239,19,8,2,-,6.1,85.3,1,9,19,8,6.1,1.7,1.3,1.7,0.9,1.3,1.7,0.3,0.2,0.7,-,1,0.4,0.1,-,8,1.7,32.1,85.3,0.5,0.8,-
4,Daniele Rugani ,24, D(C),6.93,Juventus,190,84,12,1080,2,-,2,-,0.7,89.8,2.7,-,2,-,0.7,-,-,0.3,-,0.4,0.3,0.7,1.1,1.9,0.5,3.2,0.1,1,-,-,-,51.6,89.8,-,1.9,-
5,Douglas Costa ,28, M(CLR),6.63,Juventus,172,70,7(10),620,1,-,2,1,1.2,86.2,-,1,1,-,1.2,1.2,1.8,0.5,0.1,0.8,1,0.6,0.2,0.8,-,0.1,0.3,-,-,-,1.2,17.5,86.2,0.4,0.9,-
6,Emre Can ,25," D(CLR),DMC",7.01,Juventus,184,82,14(9),1364,4,1,6,-,1.1,86.0,1.4,1,4,1,1.1,0.7,0.8,0.9,0.1,0.4,0.8,2.2,1,1.6,-,0.9,0.6,0.4,1,1,0.7,33.3,86.0,0.2,2,0.1
7,Federico Bernardeschi ,25, M(CLR),6.78,Juventus,185,77,10(12),1087,2,3,3,-,2,83.7,0.4,-,2,3,2,1.2,0.7,1.2,0.2,0.7,0.9,0.5,0.2,0.5,-,0.1,0.4,-,-,3,1.2,21.8,83.7,1,1.3,0.1
8,Giorgio Chiellini ,34, D(C),6.98,Juventus,187,85,18(3),1655,1,1,2,-,0.6,84.5,2.2,-,1,1,0.6,0.2,0.1,0.9,-,0.4,0.2,0.8,1.1,0.6,0.2,3.4,0.1,0.6,-,1,0.2,50.9,84.5,0.1,4.3,-
9,Hans Nicolussi Caviglia ,18, Midfielder,6.01,Juventus,0,0,0(1),10,-,-,-,-,-,100.0,-,-,-,-,-,-,-,-,-,-,-,1,-,1,-,-,-,-,-,-,-,10.0,100.0,-,2,-
10,João Cancelo ,24," D(LR),M(R)",7.35,Juventus,182,74,17(2),1512,1,2,5,-,1.1,86.8,0.8,2,1,2,1.1,1.5,2.6,1.1,-,1,1.3,1.9,0.6,1.3,0.1,1.1,0.7,0.1,-,2,1.5,48.7,86.8,1.1,2.2,0.1
11,Juan Cuadrado ,30," D(R),M(CLR),FW",6.89,Juventus,179,72,7(4),609,1,1,2,-,0.8,90.5,0.4,1,1,1,0.8,1.6,0.3,1.5,0.1,0.5,0.8,1,1.3,0.6,0.1,0.5,0.5,0.2,-,1,1.6,37.4,90.5,0.7,2.5,-
12,Leonardo Bonucci ,31, D(C),6.9,Juventus,190,85,22(1),1996,3,-,1,-,0.6,87.0,1.7,1,3,-,0.6,0.3,-,0.7,0.1,0.1,0.3,0.6,1.4,0.3,0.2,2.7,0.1,0.9,-,-,0.3,58.3,87.0,0.1,5.8,-
13,Leonardo Spinazzola ,26, M(L),6.26,Juventus,186,75,2(3),226,-,-,-,-,1,83.6,0.6,-,-,-,1,0.6,0.6,-,-,0.4,0.8,0.8,-,0.4,-,-,0.2,-,-,-,0.6,25.6,83.6,0.2,0.6,-
14,Mario Mandzukic ,32," M(L),FW",7.36,Juventus,190,85,22(1),1901,8,6,3,-,1.3,70.9,3,3,8,6,1.3,1.2,0.2,1.3,0.3,0.8,1,1.4,0.5,1.4,-,0.7,0.4,0.2,-,6,1.2,23.8,70.9,0.2,0.4,-
15,Martín Cáceres ,31," D(CLR),M(R)",6.37,Juventus,180,78,5(2),447,-,-,1,-,0.6,92.0,1.1,-,-,-,0.6,-,-,-,-,-,0.6,1,0.4,0.7,0.3,1.1,-,0.4,-,-,-,46.4,92.0,-,1.6,-
16,Mattia De Sciglio ,26," D(LR),M(L)",7.07,Juventus,182,78,15(1),1379,-,1,2,-,0.3,81.5,1.5,-,-,1,0.3,0.6,0.4,0.8,0.1,0.4,0.6,2.2,1.3,0.8,0.1,2.2,0.5,0.2,-,1,0.6,49.0,81.5,0.6,3.1,-
17,Mattia Perin ,26, GK,6.64,Juventus,188,85,8,720,-,-,1,-,-,74.5,0.4,-,-,-,-,-,0.1,0.3,-,-,-,-,-,-,-,0.6,-,-,-,-,-,20.1,74.5,-,5.6,-
18,Medhi Benatia ,31, D(C),7.13,Juventus,189,94,5,450,-,-,2,-,0.6,90.5,3,-,-,-,0.6,-,0.4,0.6,-,0.4,-,1.4,3.2,2.6,0.4,3.4,0.4,1,-,-,-,63.4,90.5,-,4.8,-
19,Miralem Pjanic ,29, M(C),7.06,Juventus,178,72,22(3),1853,2,3,5,1,0.9,92.4,0.5,2,2,3,0.9,2.3,0.3,0.7,-,0.5,0.9,1.4,1.4,1.2,-,0.7,1.3,0.2,-,3,2.3,62.6,92.4,1.1,6.1,0.1
20,Moise Kean ,19, FW,6.96,Juventus,183,67,2(4),211,4,-,1,-,1.5,85.7,0.3,1,4,-,1.5,0.3,0.3,0.7,-,0.5,1.8,-,0.2,0.5,-,-,0.2,-,-,-,0.3,7.0,85.7,-,-,-
21,Paulo Dybala ,25," AM(CR),FW",7.15,Juventus,177,75,19(6),1711,4,4,2,-,2,89.9,0.2,3,4,4,2,2,1.7,2.1,0.1,1.4,2.1,0.4,0.5,0.5,-,-,0.4,-,-,4,2,38.2,89.9,1.1,4,0.1
22,Rodrigo Bentancur ,21, M(C),6.88,Juventus,187,72,18(8),1682,2,3,7,1,0.7,86.8,1.2,1,2,3,0.7,0.8,0.5,0.5,-,0.8,0.8,1.8,1.3,1.1,-,1.2,0.7,0.2,-,3,0.8,39.3,86.8,0.2,1.9,-
23,Sami Khedira ,31, M(C),6.76,Juventus,189,90,8(1),646,2,1,-,-,1.8,85.8,0.2,-,2,1,1.8,0.4,-,0.4,-,0.4,0.9,1,0.6,0.6,-,0.7,0.3,0.3,-,1,0.4,36.1,85.8,0.1,0.4,-
24,Wojciech Szczesny ,28, GK,6.86,Juventus,195,90,22,1980,-,-,-,-,-,78.2,-,-,-,-,-,-,-,-,-,-,-,-,-,-,-,0.6,-,-,-,-,-,20.8,78.2,-,6.2,-
0,Alessandro Matri ,34, FW,6.25,Sassuolo,183,80,3(12),403,2,-,2,-,0.9,78.8,0.3,-,2,-,0.9,0.3,0.2,0.3,0.5,0.9,1.3,-,0.1,0.1,0.1,0.3,0.1,0.1,-,-,0.3,6.6,78.8,-,0.1,-
1,Alfred Duncan ,26, M(C),6.7,Sassuolo,178,78,17(2),1474,4,3,7,1,1.2,81.7,0.5,-,4,3,1.2,1.3,0.5,0.8,0.1,1.3,1,1.6,0.7,1.6,0.2,0.7,1.3,0.2,-,3,1.3,36.2,81.7,0.2,1.6,0.1
2,Andrea Consigli ,32, GK,6.5,Sassuolo,189,82,28,2494,-,-,2,1,-,72.6,0.3,1,-,-,-,-,-,0.1,-,-,-,-,-,-,-,0.8,0.1,-,-,-,-,27.5,72.6,-,6.2,-
3,Claud Adjapong ,20, M(LR),6.57,Sassuolo,180,74,3(1),270,1,-,1,-,0.5,74.6,0.5,-,1,-,0.5,0.5,1.3,1.5,0.5,1.5,2.8,1,0.3,0.8,-,0.8,-,0.3,-,-,0.5,17.8,74.6,-,0.3,-
4,Cristian Dell'Orco ,25, D(CL),6.41,Sassuolo,183,75,1(2),109,-,1,-,-,0.3,77.8,1.3,-,-,1,0.3,0.3,0.3,1,-,-,0.3,0.3,0.3,0.7,-,1,0.7,-,-,1,0.3,18.0,77.8,0.7,-,-
5,Domenico Berardi ,24," AM(R),FW",6.91,Sassuolo,183,72,25(2),2278,4,3,5,-,3.4,77.3,0.6,3,4,3,3.4,1.7,1.2,2.9,0.3,1.4,2.2,1.1,0.8,2,-,0.7,2,0.1,-,3,1.7,33.7,77.3,0.8,0.8,-
6,Enrico Brignola ,19, AM(CR),6.2,Sassuolo,180,72,2(4),159,1,-,1,-,0.8,82.8,0.2,-,1,-,0.8,0.2,0.2,0.2,0.2,0.2,0.5,0.2,0.2,0.7,-,0.2,0.2,-,-,-,0.2,10.7,82.8,-,0.7,-
7,Federico Di Francesco ,24, M(LR),6.49,Sassuolo,178,75,14(3),1066,2,2,2,-,1.4,85.5,0.2,1,2,2,1.4,0.6,0.7,1,0.4,1.1,1.5,0.6,0.3,1.4,-,0.1,0.2,0.1,-,2,0.6,20.3,85.5,0.1,0.7,-
8,Federico Peluso ,35," D(CL),M(L)",6.76,Sassuolo,187,82,9(1),875,1,-,3,-,0.1,86.6,1.9,1,1,-,0.1,-,0.2,1,-,0.1,0.2,1.4,1.6,0.5,0.7,4.9,0.2,0.2,-,-,-,55.3,86.6,0.2,2.7,-
9,Filip Djuricic ,27," AM(CLR),FW",6.48,Sassuolo,176,69,14(5),1088,2,-,2,1,0.7,83.9,0.5,1,2,-,0.7,1,0.8,1.6,0.3,1.7,1.1,0.8,0.4,1.1,-,0.2,0.9,0.1,-,-,1,24.3,83.9,0.4,0.8,-
10,Francesco Magnanelli ,34, DMC,6.52,Sassuolo,181,79,13(4),1122,-,-,2,-,0.3,88.1,0.6,1,-,-,0.3,0.1,0.3,1.3,-,0.2,0.2,1.9,1,1.5,0.1,1.4,0.8,0.2,-,-,0.1,44.9,88.1,-,2.8,-
11,Giangiacomo Magnani ,23, D(C),6.49,Sassuolo,190,0,15(2),1379,-,1,2,-,0.1,86.1,1.5,-,-,1,0.1,0.2,-,0.6,-,0.2,0.2,0.6,0.9,1.1,0.7,4.9,0.5,0.6,-,1,0.2,49.1,86.1,-,2.5,-
12,Gianluca Pegolo ,38, GK,6.72,Sassuolo,184,76,1(1),112,-,-,1,-,-,68.6,-,-,-,-,-,-,-,-,-,-,-,-,-,-,-,-,-,-,-,-,-,17.5,68.6,-,5,-
13,Gianmarco Ferrari ,27, D(C),6.67,Sassuolo,189,82,23,2070,3,-,6,-,0.7,86.5,1.8,1,3,-,0.7,0.2,0.1,0.7,-,0.2,0.4,1.4,1,1.1,0.4,2.8,0.2,0.8,-,-,0.2,60.2,86.5,-,3,-
14,Jens Odgaard ,20, Forward,6.0,Sassuolo,188,82,0(1),16,-,-,-,-,-,100.0,-,-,-,-,-,-,-,-,-,-,1,-,-,-,-,1,-,-,-,-,-,2.0,100.0,-,-,-
15,Jeremie Boga ,22," AM(CLR),FW",6.67,Sassuolo,172,68,7(9),788,2,1,-,-,0.9,85.8,-,-,2,1,0.9,0.6,2.9,1.2,0.2,0.8,1.2,0.3,-,0.4,-,0.1,0.4,-,-,1,0.6,16.3,85.8,-,0.1,-
16,Kevin-Prince Boateng ,32," M(CLR),FW",6.71,Sassuolo,185,86,11(2),942,4,1,1,-,2.2,80.7,1.6,-,4,1,2.2,1.2,-,2.1,0.6,1.1,2,0.4,0.2,1.9,-,0.9,0.2,0.2,-,1,1.2,23.5,80.7,-,0.8,0.2
17,Khouma Babacar ,26, FW,6.51,Sassuolo,191,85,14(10),1250,7,1,-,-,2.1,83.9,1,1,7,1,2.1,0.4,0.2,0.7,0.4,0.9,2.1,0.2,0.1,1.1,-,0.9,0.2,0.1,-,1,0.4,9.6,83.9,-,0.3,-
18,Manuel Locatelli ,21, M(C),6.81,Sassuolo,185,75,16(5),1434,1,3,3,-,1.1,88.4,1,1,1,3,1.1,1.3,0.7,1,-,1,1.2,1.5,1.1,1.3,-,1.1,0.5,0.1,-,3,1.3,45.3,88.4,0.3,1.9,0.2
19,Marcello Trotta ,26," AM(R),FW",6.0,Sassuolo,188,85,0(1),5,-,-,-,-,-,66.7,-,-,-,-,-,-,-,-,-,-,-,-,-,-,-,-,1,-,-,-,-,3.0,66.7,-,-,-
20,Marlon Santos ,23, D(C),6.64,Sassuolo,182,80,18,1511,1,-,3,1,0.3,93.6,1.2,1,1,-,0.3,0.2,0.2,0.4,-,0.1,0.4,1.6,1.4,1.1,1.2,2,0.3,0.7,-,-,0.2,57.7,93.6,0.1,3.3,0.1
21,Mauricio Lemos ,23, D(C),5.95,Sassuolo,187,85,2,136,-,-,-,-,-,95.1,0.5,-,-,-,-,-,-,0.5,-,0.5,0.5,0.5,1,-,-,3.5,0.5,0.5,-,-,-,20.5,95.1,-,1.5,-
22,Mehdi Bourabia ,27, M(C),6.67,Sassuolo,183,73,14(10),1463,-,-,6,-,1.1,85.4,1.5,2,-,-,1.1,1,1.1,0.7,-,1.3,1.2,1.5,1.1,1.3,-,1,0.9,0.1,-,-,1,33.0,85.4,0.3,0.9,-
23,Merih Demiral ,21, D(C),6.79,Sassuolo,192,0,5,450,-,-,1,-,0.4,86.5,3.4,-,-,-,0.4,-,0.4,0.2,-,-,0.2,2,1.4,2.2,0.4,4.2,0.4,0.6,-,-,-,53.2,86.5,-,2.4,-
24,Pol Lirola ,21," D(R),M(R)",6.74,Sassuolo,183,70,23(3),2166,1,4,2,-,0.5,78.8,0.5,-,1,4,0.5,1.2,1.2,0.3,0.1,0.8,0.8,1,0.9,0.4,0.3,2.1,0.3,0.2,1,4,1.2,39.4,78.8,0.8,1.2,-
25,Rogerio ,21," D(L),M(L)",6.55,Sassuolo,178,70,23(2),2090,-,1,8,1,0.4,82.7,0.8,-,-,1,0.4,0.7,0.6,0.8,-,0.5,1.1,1.5,0.8,1,0.2,2.6,0.8,0.2,-,1,0.7,42.9,82.7,0.6,2,-
26,Stefano Sensi ,23, M(C),6.83,Sassuolo,168,62,18(4),1544,1,2,7,-,1.1,89.9,0.4,1,1,2,1.1,1.7,0.6,2.1,-,1.1,1.1,1.4,1.3,1,-,0.5,0.8,0.3,-,2,1.7,51.0,89.9,1,2.9,0.1
0,Alberto Grassi ,24, M(C),6.67,Parma Calcio 1913,183,75,5(1),424,-,-,-,-,0.8,80.2,1,-,-,-,0.8,0.3,0.8,1.8,-,0.5,1.2,3,1.2,1.5,-,1,1.2,0.2,-,-,0.3,17.7,80.2,-,1.2,-
1,Alessandro Bastoni ,19, D(C),6.55,Parma Calcio 1913,190,75,14(3),1303,-,-,2,-,0.1,82.1,1.8,1,-,-,0.1,0.1,0.2,0.6,-,0.1,0.1,1.2,0.9,0.8,0.5,4.1,0.4,0.8,-,-,0.1,27.3,82.1,-,2.9,0.1
2,Alessandro Deiola ,23, M(C),6.4,Parma Calcio 1913,189,85,5(5),542,-,1,3,-,0.7,75.1,0.6,-,-,1,0.7,0.3,0.2,0.5,-,0.4,0.7,1.2,1.1,0.9,-,0.7,0.6,0.4,-,1,0.3,17.3,75.1,-,0.8,-
3,Alessio Da Cruz ,22, Midfielder,6.11,Parma Calcio 1913,184,74,1(2),142,-,-,-,-,0.3,80.8,0.7,-,-,-,0.3,-,0.7,1.3,-,2,1.7,0.7,-,1,-,-,0.3,-,-,-,-,8.7,80.8,-,-,-
4,Amato Ciciretti ,25, AM(R),6.2,Parma Calcio 1913,170,65,1(5),136,-,-,-,-,0.2,72.6,0.2,-,-,-,0.2,0.3,1.2,0.7,-,0.3,0.5,0.2,0.5,0.2,-,-,-,-,-,-,0.3,10.3,72.6,0.2,0.8,-
5,Antonino Barillà ,31, M(C),6.59,Parma Calcio 1913,180,76,23(1),2037,2,2,9,-,0.6,72.6,0.7,1,2,2,0.6,0.8,0.5,1,0.1,1,1.3,1.9,1.3,2.1,-,1.3,1.3,0.4,-,2,0.8,26.0,72.6,0.3,1.1,-
6,Antonio Di Gaudio ,29, AM(L),6.15,Parma Calcio 1913,170,63,9(3),704,-,1,-,-,1.1,60.4,0.2,-,-,1,1.1,0.3,0.5,1.2,0.4,0.7,2.4,0.2,0.3,0.3,-,0.3,0.3,0.1,-,1,0.3,9.3,60.4,-,-,-
7,Bruno Alves ,37, D(C),6.73,Parma Calcio 1913,189,83,28,2502,3,1,7,-,0.5,78.6,3.2,1,3,1,0.5,0.3,0.1,0.3,-,-,0.1,0.5,0.6,0.8,0.1,6.5,0.1,0.9,1,1,0.3,36.0,78.6,0.1,4.8,-
8,Fabio Ceravolo ,32, FW,6.14,Parma Calcio 1913,180,73,5(12),612,1,-,-,-,0.7,69.5,0.8,-,1,-,0.7,0.4,0.4,0.5,0.8,1.1,1.5,0.2,0.1,0.4,-,0.4,0.2,0.1,-,-,0.4,8.3,69.5,0.1,0.1,-
9,Federico Dimarco ,21, D(L),6.9,Parma Calcio 1913,174,75,4(2),366,1,-,1,-,0.8,77.8,0.5,-,1,-,0.8,0.8,0.7,0.2,-,1.2,1.2,1,1.2,0.5,0.2,1.3,0.3,0.5,-,-,0.8,25.5,77.8,0.7,2,-
10,Francisco Sierralta ,21, Defender,6.24,Parma Calcio 1913,190,83,0(3),61,-,-,-,-,0.3,56.0,0.3,-,-,-,0.3,-,-,-,-,0.3,0.3,1.3,0.7,0.7,-,1.3,-,-,-,-,-,8.3,56.0,-,0.7,-
11,Gervinho ,31," M(LR),FW",6.93,Parma Calcio 1913,179,66,21(2),1762,10,-,1,-,1.4,80.3,-,3,10,-,1.4,0.7,2.1,1.1,0.5,1.7,2.7,0.7,0.4,0.4,-,-,0.2,-,-,-,0.7,16.3,80.3,-,0.2,0.1
12,Gianni Munari ,35, M(C),6.07,Parma Calcio 1913,190,84,0(1),2,-,-,-,-,-,100.0,1,-,-,-,-,-,-,-,-,-,-,-,-,1,-,-,-,-,-,-,-,2.0,100.0,-,-,-
13,Jonathan Biabiany ,30," M(LR),FW",6.44,Parma Calcio 1913,177,73,12(6),1069,-,-,4,-,0.2,72.9,1,-,-,-,0.2,0.5,1.1,0.9,0.2,1.2,1.6,1.7,0.6,1.2,-,0.6,0.4,0.1,-,-,0.5,16.2,72.9,0.2,0.7,0.1
14,Juraj Kucka ,32, M(CL),7.2,Parma Calcio 1913,186,86,9(1),816,2,3,2,-,1.3,69.9,3,1,2,3,1.3,1,1,1.4,-,1.4,1,3.1,1.2,1.9,-,2.4,2,0.4,-,3,1,29.6,69.9,0.5,1,-
15,Leo Stulac ,24, M(C),6.61,Parma Calcio 1913,175,70,15(6),1310,-,2,3,1,0.8,86.5,0.6,1,-,2,0.8,0.8,0.3,1.1,-,0.8,0.7,0.9,1.5,0.5,-,1.4,0.6,0.5,-,2,0.8,27.2,86.5,0.6,2.2,-
16,Luca Rigoni ,34, M(CR),6.61,Parma Calcio 1913,185,78,17(2),1518,2,1,4,-,0.8,79.7,0.8,-,2,1,0.8,0.5,0.3,0.7,-,0.8,0.6,2.1,0.8,0.9,-,1.7,0.7,0.1,-,1,0.5,25.4,79.7,0.1,1.4,-
17,Luca Siligardi ,31," AM(LR),FW",6.6,Parma Calcio 1913,180,72,16(6),1330,1,2,2,-,1.4,69.4,0.5,1,1,2,1.4,0.6,1,1,0.1,1.6,1.5,1.1,0.6,0.5,-,0.4,0.6,0.1,-,2,0.6,16.2,69.4,0.7,0.7,-
18,Luigi Sepe ,27, GK,6.87,Parma Calcio 1913,191,90,29,2610,-,-,1,-,-,57.9,0.4,3,-,-,-,-,-,0.1,-,-,0.1,-,0.1,-,-,0.8,-,-,-,-,-,28.7,57.9,-,8.7,-
19,Marcello Gazzola ,34," D(R),M(R)",6.17,Parma Calcio 1913,184,79,1(10),238,-,-,-,-,-,68.1,0.6,-,-,-,-,0.2,0.1,0.2,-,-,-,0.3,-,0.2,-,0.5,0.3,0.2,-,-,0.2,6.3,68.1,0.2,0.1,-
20,Massimo Gobbi ,38," D(L),M(L)",6.28,Parma Calcio 1913,183,79,12(2),1070,-,1,2,-,0.2,75.1,0.6,-,-,1,0.2,0.6,0.1,0.4,-,0.1,0.4,1.1,0.6,1.4,0.1,2.6,1,0.4,-,1,0.6,30.7,75.1,0.4,1.7,-
21,Matteo Scozzarella ,30, M(C),6.46,Parma Calcio 1913,170,65,11(3),943,-,2,6,-,0.5,83.7,0.1,-,-,2,0.5,0.9,0.2,0.7,-,0.3,0.6,0.6,1,1.1,-,1.3,1.3,0.4,-,2,0.9,30.2,83.7,0.8,3.1,0.1
22,Mattia Sprocati ,25, Midfielder,6.24,Parma Calcio 1913,178,70,0(7),115,1,-,-,-,0.4,81.0,0.1,-,1,-,0.4,0.3,0.1,0.7,-,0.1,0.4,0.4,-,0.3,-,0.1,-,-,-,-,0.3,8.3,81.0,0.1,0.3,-
23,Nicolás Schiappacasse ,20, Forward,5.99,Parma Calcio 1913,180,73,0(2),28,-,-,-,-,0.5,66.7,-,-,-,-,0.5,-,1,0.5,-,-,0.5,-,-,-,-,-,-,-,-,-,-,1.5,66.7,-,-,-
24,Pepín ,22, Midfielder,6.28,Parma Calcio 1913,184,74,1,53,-,-,-,-,1,62.5,-,-,-,-,1,-,2,-,-,-,2,2,2,1,-,-,2,-,-,-,-,16.0,62.5,-,1,-
25,Riccardo Gagliolo ,28, D(CL),6.87,Parma Calcio 1913,180,75,28,2506,-,1,6,-,0.6,77.1,1.3,1,-,1,0.6,0.5,0.1,1.1,-,0.2,0.7,2,2,1,0.2,5.9,1,0.9,1,1,0.5,35.8,77.1,0.1,2.3,-
26,Roberto Inglese ,27, FW,6.78,Parma Calcio 1913,187,85,23(1),1939,8,1,3,-,1.9,67.1,2.5,1,8,1,1.9,0.6,0.8,1.4,1.3,2.2,3.5,0.8,0.3,2.3,-,1.1,0.5,0.1,-,1,0.6,15.6,67.1,-,0.3,-
27,Simone Iacoponi ,31, D(R),6.52,Parma Calcio 1913,180,73,29,2551,-,-,4,-,0.3,72.4,1.4,-,-,-,0.3,0.3,0.4,0.8,-,0.4,1,1.6,1,0.9,0.3,3.2,0.6,0.9,-,-,0.3,30.4,72.4,-,2.1,-
0,Alberto Paloschi ,29, FW,6.17,SPAL 2013,182,82,7(12),731,2,-,2,-,0.5,74.8,0.3,-,2,-,0.5,0.2,0.1,0.5,0.4,0.6,1.2,0.6,0.1,0.9,-,-,0.1,-,-,-,0.2,7.1,74.8,0.1,0.1,-
1,Alessandro Murgia ,22, M(C),6.29,SPAL 2013,185,78,3(4),371,-,-,-,-,0.3,86.8,0.1,-,-,-,0.3,0.4,-,1.6,0.1,0.7,0.7,1,1,1,-,0.7,1.7,0.1,-,-,0.4,22.7,86.8,0.1,0.7,-
2,Alfred Gomis ,25, GK,6.54,SPAL 2013,196,80,18(1),1632,-,-,-,-,-,67.3,0.3,1,-,-,-,-,-,0.2,-,-,0.1,-,0.1,0.1,-,0.7,0.1,-,-,-,-,28.5,67.3,-,6.9,-
3,Andrea Petagna ,23, FW,6.76,SPAL 2013,190,85,27,2311,11,-,6,-,2.6,78.5,1.2,1,11,-,2.6,0.6,0.9,1.3,0.2,2.4,2.3,0.5,0.1,1.4,-,0.4,0.2,0.3,-,-,0.6,20,78.5,0.2,1.1,-
4,Emiliano Viviano ,33, GK,6.57,SPAL 2013,195,90,9,810,-,-,-,-,-,62.8,0.1,-,-,-,-,-,-,-,-,-,-,-,-,-,-,1,-,-,-,-,-,32.2,62.8,-,8.4,-
5,Everton Luiz ,30, DMC,5.99,SPAL 2013,173,70,2(8),313,-,-,5,-,0.2,86.2,0.1,-,-,-,0.2,-,0.3,0.5,-,0.4,1.1,1.1,0.3,0.9,-,0.7,0.4,0.1,-,-,-,13,86.2,-,0.1,-
6,Felipe ,34, D(CL),6.52,SPAL 2013,188,75,24(1),2061,-,2,11,-,0.4,87,1.7,-,-,2,0.4,0.3,0.2,0.5,-,0.1,0.3,1.3,0.6,1.1,0.4,2.8,0.6,0.7,-,2,0.3,42.4,87,0.1,2.6,-
7,Filippo Costa ,23, M(L),6.7,SPAL 2013,175,70,5(2),445,-,-,-,-,0.3,81.2,0.9,-,-,-,0.3,0.9,1,0.4,-,0.4,0.9,2,1.1,0.3,0.4,3.1,0.4,0.3,-,-,0.9,19.7,81.2,0.4,0.7,-
8,Francesco Vicari ,24, D(C),6.77,SPAL 2013,190,80,18(2),1639,1,-,3,-,0.4,88.9,1.8,1,1,-,0.4,0.1,-,0.5,-,0.1,-,1.1,1.4,0.6,1.3,5.4,0.3,0.9,-,-,0.1,36.1,88.9,-,2.3,-
9,Gabriele Moncini ,22, Forward,6.3,SPAL 2013,180,75,0(1),7,-,-,-,-,-,-,1,-,-,-,-,1,-,-,-,-,-,1,-,-,-,-,-,-,-,-,1,-,-,-,-,-
10,Jasmin Kurtic ,30, M(CL),6.99,SPAL 2013,186,88,22(1),1958,5,3,8,-,2.3,85.9,2.2,1,5,3,2.3,1.1,0.8,2,-,0.7,1.2,1.1,0.7,1.3,-,1.6,0.7,0.1,-,3,1.1,40.7,85.9,1.3,1.6,-
11,Johan Djourou ,32, D(C),6.51,SPAL 2013,191,87,3(2),279,-,-,-,-,0.2,90.3,1.6,-,-,-,0.2,-,0.4,-,-,0.2,-,0.6,0.8,0.8,0.4,3.8,-,0.6,-,-,-,22.6,90.3,-,1.2,-
12,Kevin Bonifazi ,22, D(C),6.81,SPAL 2013,180,70,18(1),1583,1,-,1,-,0.4,88.3,1.7,1,1,-,0.4,0.3,0.9,0.7,-,0.7,0.9,1.7,1.2,0.8,0.7,2.8,0.7,0.7,-,-,0.3,45.5,88.3,0.1,2.2,-
13,Lorenco Simic ,22, D(C),6.35,SPAL 2013,195,89,2(5),233,-,-,-,-,0.7,81.8,1.6,-,-,-,0.7,0.1,-,0.1,-,0.3,0.3,0.9,1.7,0.4,0.3,2.4,0.3,0.1,-,-,0.1,21.1,81.8,-,1,-
14,Lorenzo Dickmann ,22, Defender,6.07,SPAL 2013,177,70,1(4),103,-,-,-,-,0.2,68.8,0.4,-,-,-,0.2,-,-,0.2,-,0.2,0.4,0.6,0.2,0.4,-,0.6,0.4,-,-,-,-,6.4,68.8,-,-,-
15,Manuel Lazzari ,25, M(R),6.93,SPAL 2013,174,67,25,2126,-,7,4,-,1,83.6,0.4,2,-,7,1,1.4,2,1.8,-,1.2,1.7,0.9,0.5,0.8,0.2,1.3,0.3,0.2,-,7,1.4,31.6,83.6,1.7,0.5,-
16,Marko Jankovic ,23, AM(R),6.2,SPAL 2013,173,0,0(1),11,-,-,-,-,-,100,-,-,-,-,-,-,-,1,-,-,-,1,-,-,-,-,-,-,-,-,-,5,100,-,-,-
17,Mattia Valoti ,25, AM(CL),6.42,SPAL 2013,181,62,11(9),997,1,-,6,-,0.8,80.6,1,-,1,-,0.8,0.4,0.4,1.1,-,0.8,0.8,1.4,1,1.2,0.1,0.4,0.6,-,-,-,0.4,20.9,80.6,0.2,0.7,-
18,Mirco Antenucci ,34," AM(C),FW",6.4,SPAL 2013,178,68,20(7),1859,3,-,-,-,1.6,78,1.3,-,3,-,1.6,0.8,0.6,1.2,0.5,1.5,2.4,0.3,0.1,0.9,-,0.2,0.2,-,-,-,0.8,16.5,78,0.1,0.3,-
19,Mirko Valdifiori ,32, DMC,6.52,SPAL 2013,185,70,8(6),647,-,1,3,-,0.5,85.8,0.1,-,-,1,0.5,1.6,0.1,0.6,-,0.2,0.4,1.3,0.4,0.9,-,0.5,0.4,0.1,-,1,1.6,35.8,85.8,1,1.8,0.1
20,Mohamed Fares ,23," D(L),M(L)",6.74,SPAL 2013,183,75,24(3),2227,2,-,8,-,1.6,80.7,1.1,2,2,-,1.6,1.1,1,1,-,1.2,1.5,1.7,1.5,1.4,0.2,1.6,0.9,0.1,-,-,1.1,32.2,80.7,0.8,0.7,-
21,Pasquale Schiattarella ,31," DMC,M(R)",6.62,SPAL 2013,178,68,18(4),1590,-,2,10,-,0.5,87.5,0.8,-,-,2,0.5,1.5,0.4,2,-,0.8,0.9,1.6,1,1.3,-,1,0.9,0.2,-,2,1.5,52.2,87.5,0.8,2,-
22,Sergio Floccari ,37, FW,6.12,SPAL 2013,180,80,4(8),418,-,-,2,-,0.5,80.8,0.9,-,-,-,0.5,-,0.2,1,0.2,0.8,1.8,0.4,-,0.6,-,0.2,0.2,-,-,-,-,8.3,80.8,0.1,-,-
23,Simone Missiroli ,32, AM(C),6.72,SPAL 2013,191,77,26(1),2201,-,-,7,-,0.4,82.4,2.3,1,-,-,0.4,0.9,0.5,1.6,-,0.7,0.9,1.6,1.3,0.9,0.1,1,0.7,0.2,-,-,0.9,45.3,82.4,0.2,1.5,-
24,Thiago Cionek ,32, D(CR),6.86,SPAL 2013,184,79,22(2),1932,-,2,9,2,0.5,79.6,2.1,1,-,2,0.5,0.5,0.2,1.2,-,0.4,0.7,2.6,1.9,1.8,0.5,4.3,0.8,0.8,-,2,0.5,47.9,79.6,0.3,2.8,-
25,Vanja Milinkovic-Savic ,22, Goalkeeper,6.56,SPAL 2013,202,92,2,165,-,-,-,1,-,53.4,-,-,-,-,-,-,-,-,-,-,-,-,-,-,-,1,-,-,-,-,-,29,53.4,-,5,-
26,Vasco Regini ,28, D(CL),6.0,SPAL 2013,185,79,0(1),13,-,-,-,-,-,50,-,-,-,-,-,-,-,1,-,-,-,-,-,-,-,1,2,-,-,-,-,2,50,-,-,-
0,Andrea Seculin ,28, GK,6.01,Chievo,190,78,1(1),91,-,-,-,-,-,61.9,0.5,-,-,-,-,-,-,-,-,-,-,-,-,-,-,0.5,-,-,-,-,-,10.5,61.9,-,4,-
1,Assane Dioussé ,21, DMC,6.29,Chievo,175,68,5(2),487,-,-,2,-,0.4,80.4,0.4,-,-,-,0.4,0.3,0.7,0.9,0.1,0.3,0.7,1.7,1.7,1.3,-,1,0.9,-,-,-,0.3,38.7,80.4,0.1,2.3,-
2,Bostjan Cesar ,36, D(C),6.55,Chievo,191,89,3(2),347,-,-,2,-,0.6,83.6,2.4,-,-,-,0.6,-,0.2,0.4,-,-,0.2,1.2,1,1.6,-,5,0.4,-,-,-,-,29.2,83.6,-,2,-
3,Emanuel Vignato ,18, Midfielder,5.85,Chievo,175,70,0(1),29,-,-,-,-,-,100.0,-,-,-,-,-,-,-,-,-,2,-,-,-,-,-,-,1,-,-,-,-,14.0,100.0,-,-,-
4,Emanuele Giaccherini ,33, M(CLR),6.55,Chievo,167,60,20(3),1807,3,1,8,-,1.3,79.2,0.5,1,3,1,1.3,1.7,1.1,1.9,0.2,2,2.1,0.6,0.6,0.7,-,0.3,0.9,-,1,1,1.7,38.3,79.2,1.3,2,-
5,Ezequiel Schelotto ,29," D(R),M(LR)",6.43,Chievo,187,77,2(2),143,-,-,-,-,0.5,65.3,1.3,-,-,-,0.5,0.5,-,0.3,-,-,0.3,0.8,0.5,0.3,-,1.8,0.3,-,-,-,0.5,18.0,65.3,0.3,1,-
6,Fabio Depaoli ,21," D(R),DMC,M(R)",6.49,Chievo,178,74,19(6),1822,-,3,6,2,0.4,72.5,1.1,-,-,3,0.4,1,0.4,0.7,-,0.5,1.2,2.4,1.1,1.4,0.2,2.2,0.9,0.4,-,3,1,25.7,72.5,0.8,1.6,-
7,Fabrizio Cacciatore ,32, D(LR),6.49,Chievo,182,81,5(2),497,-,-,1,-,0.1,77.8,1.4,-,-,-,0.1,1.3,0.1,0.6,-,-,0.6,1.1,0.7,0.4,0.3,2,0.7,0.3,-,-,1.3,29.0,77.8,1.1,1.6,-
8,Federico Barba ,25, D(CL),6.62,Chievo,185,77,23(1),1999,-,-,4,1,0.2,80.2,1.9,-,-,-,0.2,0.4,0.1,0.4,-,0.1,0.3,1,2.3,1.2,0.2,4.8,0.5,0.3,-,-,0.4,38.2,80.2,0.1,3.2,-
9,Filip Djordjevic ,31, FW,6.26,Chievo,186,80,6(7),632,1,1,1,-,1.1,63.6,2,-,1,1,1.1,0.4,0.2,0.9,0.5,0.4,1.6,0.8,0.2,1,-,0.6,0.7,0.1,-,1,0.4,13.5,63.6,0.2,0.3,-
10,Ivan Radovanovic ,30, DMC,6.54,Chievo,186,80,19,1707,-,-,6,-,1.6,85.7,1.4,-,-,-,1.6,0.5,0.4,0.7,0.1,0.4,0.6,1.4,1.3,1.1,0.1,1.9,1.1,0.4,-,-,0.5,53.8,85.7,-,7.8,-
11,Joel Obi ,27, M(CR),6.67,Chievo,176,71,9(2),666,1,-,1,-,0.9,84.9,1.1,-,1,-,0.9,0.5,0.5,0.4,0.3,0.2,0.9,2.1,1.3,1.4,-,1.2,0.9,0.1,-,-,0.5,25.8,84.9,0.1,0.4,-
12,Luca Rossettini ,33, D(CR),6.57,Chievo,187,82,20(1),1822,-,-,5,-,0.2,85.2,1.9,-,-,-,0.2,-,-,0.4,-,0.2,-,1.2,1.7,0.7,0.6,5.4,0.2,0.7,-,-,-,38.2,85.2,-,3.4,-
13,Lucas Piazon ,25, AM(CLR),6.12,Chievo,182,73,0(2),32,-,-,-,-,0.5,84.6,-,-,-,-,0.5,-,0.5,-,-,-,0.5,-,0.5,-,-,-,0.5,-,-,-,-,6.5,84.6,-,0.5,-
14,Manuel Pucciarelli ,27, FW,5.94,Chievo,174,63,1(5),118,-,-,-,-,0.2,62.2,-,-,-,-,0.2,-,-,-,-,0.8,0.3,0.2,0.2,0.5,-,0.2,0.3,-,-,-,-,6.2,62.2,-,-,-
15,Marco Andreolli ,32, D(C),6.3,Chievo,187,81,3(1),286,-,-,1,-,-,73.3,3,-,-,-,-,-,-,0.3,-,0.3,-,1.3,0.8,0.3,0.5,3.8,0.5,0.3,-,-,-,29.0,73.3,-,2.5,-
16,Mariusz Stepinski ,23, FW,6.42,Chievo,183,72,21(7),1963,6,1,3,-,1.9,78.3,1.4,-,6,1,1.9,0.8,0.3,1.6,0.6,1.9,2.8,0.5,0.2,1.8,-,0.5,0.4,0.1,-,1,0.8,15.1,78.3,0.1,0.2,-
17,Mattia Bani ,25, D(C),6.79,Chievo,188,80,23(1),2083,-,-,7,-,0.4,81.1,3,2,-,-,0.4,0.2,-,1.4,0.1,0.3,0.4,2.3,2,1.1,0.4,5,0.5,1,1,-,0.2,42.7,81.1,-,4.3,-
18,Mehdi Leris ,20, M(C),6.63,Chievo,186,78,12(4),1092,-,2,3,-,1.5,77.5,1.7,-,-,2,1.5,1,0.8,0.5,-,1.5,2.5,2.6,1.3,1.8,-,0.5,1.3,0.1,-,2,1,28.9,77.5,0.6,1.5,-
19,Nenad Tomovic ,31, D(CLR),6.34,Chievo,184,79,8(1),660,1,-,1,-,0.4,82.0,1.8,-,1,-,0.4,0.2,0.1,0.8,-,0.1,0.6,0.9,1.2,0.9,-,3,0.2,0.1,-,-,0.2,32.8,82.0,0.1,1.2,-
20,Nicola Rigoni ,28, DMC,6.35,Chievo,185,84,16(1),1364,-,1,5,-,1.1,79.3,2.1,-,-,1,1.1,0.4,0.1,0.8,0.1,0.2,0.5,1.6,0.8,2.1,-,1.5,1.1,0.2,-,1,0.4,35.9,79.3,-,1.9,-
21,Nicolas Frey ,35, D(CLR),5.96,Chievo,184,78,1(2),47,-,-,-,-,-,60.9,-,-,-,-,-,-,-,-,-,-,-,0.7,0.3,-,-,0.7,0.7,-,-,-,-,7.7,60.9,-,0.7,-
22,Pawel Jaroszynski ,24," D(L),M(L)",6.55,Chievo,184,77,13(3),1158,-,-,2,-,0.4,73.1,1.3,-,-,-,0.4,0.8,0.6,0.8,-,0.3,1.1,1.8,1.3,1.1,0.1,1.8,0.8,0.3,-,-,0.8,34.4,73.1,0.8,2.1,0.1
23,Perparim Hetemaj ,32, M(CL),6.39,Chievo,175,76,19(4),1660,1,-,7,-,0.3,81.3,0.8,-,1,-,0.3,0.5,0.7,2.5,-,1.2,1.5,1.8,1,1.9,-,0.4,1.6,-,-,-,0.5,30.2,81.3,0.4,1.4,-
24,Riccardo Meggiorini ,33, FW,6.59,Chievo,182,76,13(6),1116,2,1,5,-,1.3,63.9,3.7,-,2,1,1.3,0.5,0.3,2.2,0.5,0.8,1.4,0.9,0.2,1,-,0.7,0.3,0.1,-,1,0.5,14.7,63.9,0.1,0.2,-
25,Sergio Pellissier ,39, FW,6.48,Chievo,175,75,10(4),747,4,1,1,-,1.7,72.8,1.4,-,4,1,1.7,0.5,0.4,1.2,0.6,1.1,1.6,0.3,0.1,0.6,-,0.3,0.1,0.1,-,1,0.5,9.7,72.8,0.1,0.1,-
26,Sofian Kiyine ,21, Midfielder,6.39,Chievo,182,72,7(9),601,-,-,6,-,0.9,80.4,0.6,-,-,-,0.9,0.4,1.4,0.3,-,0.8,0.9,1.3,0.6,1.5,0.1,0.3,0.4,-,-,-,0.4,15.6,80.4,0.4,1.2,-
27,Stefano Sorrentino ,40, GK,6.7,Chievo,186,84,28,2519,-,-,2,-,-,63.6,0.1,1,-,-,-,-,-,0.1,-,-,-,-,0.1,-,-,0.6,-,-,-,-,-,25.8,63.6,-,8.5,-
28,Strahinja Tanasijevic ,21, Defender,5.42,Chievo,183,73,1(1),18,-,-,1,1,0.5,92.9,-,-,-,-,0.5,-,-,-,-,-,-,-,-,1,-,-,-,-,-,-,-,7.0,92.9,-,-,-
29,Valter Birsa ,32," M(CLR),FW",6.57,Chievo,184,83,12(5),1103,2,2,1,-,0.9,80.5,0.5,-,2,2,0.9,1.4,0.8,0.7,0.2,1.4,2,0.8,0.4,0.6,-,0.7,0.8,0.1,-,2,1.4,29.3,80.5,0.8,1.6,0.1
0,Alban Lafont ,20, GK,6.63,Fiorentina,193,82,25,2206,-,-,2,-,-,59.4,0.2,1,-,-,-,-,-,0.3,-,-,-,-,-,-,-,0.7,-,-,1,-,-,25.1,59.4,-,5.6,-
1,Bartlomiej Dragowski ,21, GK,6.55,Fiorentina,191,74,2(1),225,-,-,-,-,-,64.2,0.3,-,-,-,-,-,-,0.3,-,-,-,-,-,-,-,1.3,-,-,-,-,-,31.7,64.2,-,7,-
2,Bryan Dabo ,27," D(R),M(CR)",6.32,Fiorentina,187,75,1(14),334,1,1,3,-,0.3,75.5,0.9,-,1,1,0.3,0.4,0.1,0.5,0.1,0.3,0.4,0.1,0.2,0.4,-,0.8,-,0.1,-,1,0.4,10.3,75.5,-,0.3,0.1
3,Christian Nørgaard ,25, Midfielder,6.78,Fiorentina,185,76,4(1),318,-,-,-,-,-,83.4,2.6,-,-,-,-,0.4,0.4,0.6,-,0.6,0.6,0.8,2,2.2,-,2.8,0.6,-,-,-,0.4,33.8,83.4,-,1.4,-
4,Cristiano Biraghi ,26," D(L),M(L)",6.9,Fiorentina,185,78,28,2476,1,3,6,-,1.1,75.8,1.1,1,1,3,1.1,1.4,0.4,0.6,0.1,0.3,1.1,1.5,1.3,1,0.2,2.8,0.6,0.5,-,3,1.4,35.8,75.8,1.4,1.6,-
5,Cyril Théréau ,35," AM(CL),FW",6.0,Fiorentina,189,78,0(2),28,-,-,1,-,0.5,100.0,-,-,-,-,0.5,-,-,-,-,-,-,-,-,0.5,-,0.5,-,-,-,-,-,5.0,100.0,-,-,-
6,David Hancko ,21, Defender,6.44,Fiorentina,188,0,2(2),193,-,-,-,-,0.5,67.1,1.5,-,-,-,0.5,0.3,-,0.5,-,0.5,0.5,1.8,-,-,-,1.8,-,-,-,-,0.3,18.3,67.1,-,1.3,-
7,Dusan Vlahovic ,19, Forward,5.92,Fiorentina,190,75,1(4),92,-,-,-,-,1.4,60.9,0.4,-,-,-,1.4,0.4,-,0.2,-,0.8,1.6,-,-,1,-,0.8,-,-,-,-,0.4,4.6,60.9,-,-,-
8,Edimilson Fernandes ,22, M(CR),6.56,Fiorentina,190,70,19(5),1636,2,-,7,1,0.8,84.5,0.8,1,2,-,0.8,0.9,0.8,0.7,-,1.3,1.3,1.3,0.9,1.3,-,1.1,0.6,0.3,-,-,0.9,28.4,84.5,0.2,1.8,-
9,Federico Ceccherini ,26, D(C),6.65,Fiorentina,186,72,8(4),724,-,-,3,-,0.1,83.3,2.5,-,-,-,0.1,0.2,0.3,1.5,0.1,0.1,0.5,0.8,1.5,1.3,-,2.5,0.3,0.5,-,-,0.2,32.9,83.3,0.1,1.9,0.1
10,Federico Chiesa ,21, M(LR),7.1,Fiorentina,175,70,27(1),2373,6,3,4,-,3.9,73.6,0.3,3,6,3,3.9,1.6,2.4,1.7,0.3,1.8,3,1.2,0.3,1.5,-,0.1,0.8,-,-,3,1.6,23.3,73.6,0.4,0.8,0.1
11,Germán Pezzella ,27, D(C),7.09,Fiorentina,187,82,25,2225,1,1,5,-,0.6,85.4,3.7,1,1,1,0.6,0.1,0.1,1,-,0.2,0.6,1.8,2,1,0.4,5.1,0.7,0.8,-,1,0.1,49.5,85.4,-,3.9,-
12,Gerson ,21, AM(CR),6.78,Fiorentina,175,66,22(5),1944,2,3,6,-,1.3,80.8,1.1,-,2,3,1.3,1.2,1,2.5,0.1,1.3,1.1,1.1,0.5,1.4,-,0.9,0.8,0.3,-,3,1.2,31.9,80.8,0.1,1.9,0.1
13,Giovanni Simeone ,23," AM(R),FW",6.72,Fiorentina,180,81,22(7),2038,6,3,1,-,1.8,66.2,1.2,1,6,3,1.8,0.9,0.8,1.6,0.5,1.8,2.6,1.1,0.1,1.1,-,0.4,0.6,0.1,-,3,0.9,9.3,66.2,0.1,0.1,0.1
14,Jordan Veretout ,26, M(C),7.11,Fiorentina,177,67,25,2224,5,3,10,-,1.3,81.1,1,3,5,3,1.3,2.5,0.5,1.1,-,0.8,1,2,1.5,1.5,0.1,1.8,0.9,0.2,-,3,2.5,54.2,81.1,1.3,3.9,0.1
15,Kevin Mirallas ,31," M(CLR),FW",6.48,Fiorentina,182,72,9(10),850,2,1,2,-,0.9,74.4,0.4,-,2,1,0.9,1,0.4,1,0.1,0.7,1.3,0.5,0.2,0.5,-,0.2,0.4,-,-,1,1,11.7,74.4,0.7,0.4,-
16,Luis Muriel ,27," AM(CL),FW",7.2,Fiorentina,179,79,9(1),806,6,-,-,-,2.4,62.7,0.8,1,6,-,2.4,1.1,1.8,1.1,0.2,1.8,2.9,0.8,0.1,1,-,-,0.4,-,-,-,1.1,18.5,62.7,0.2,0.3,0.1
17,Marco Benassi ,24, AM(CR),6.63,Fiorentina,183,80,22(2),1730,7,-,5,1,1.9,75.4,0.4,1,7,-,1.9,1,0.4,0.8,-,0.5,1.2,1.1,0.3,0.8,-,1,0.9,-,-,-,1,23.2,75.4,0.3,0.5,-
18,Marko Pjaca ,23," AM(L),FW",6.43,Fiorentina,186,83,8(11),746,1,1,1,-,1,76.1,0.6,-,1,1,1,0.8,0.6,0.8,-,0.7,1.2,0.5,0.4,0.5,-,0.3,0.2,-,-,1,0.8,11.0,76.1,-,0.3,-
19,Nikola Milenkovic ,21, D(CR),6.92,Fiorentina,195,80,25,2200,2,-,6,1,0.8,77.6,3,2,2,-,0.8,0.1,0.3,0.6,0.1,0.2,0.4,1.9,1.5,1.8,0.2,3.8,0.4,0.6,-,-,0.1,45.2,77.6,0.1,3.2,-
20,Pietro Terracciano ,29, GK,6.95,Fiorentina,193,85,2,180,-,-,-,-,-,58.3,1,1,-,-,-,-,-,0.5,-,-,-,-,-,-,-,1.5,-,-,-,-,-,24.0,58.3,-,3.5,-
21,Riccardo Sottil ,19, Forward,6.04,Fiorentina,0,0,0(2),18,-,-,-,-,0.5,87.5,-,-,-,-,0.5,-,-,-,-,-,0.5,0.5,-,-,-,-,-,-,-,-,-,4.0,87.5,-,-,-
22,Tòfol Montiel ,18, Midfielder,6.27,Fiorentina,178,0,0(1),5,-,-,-,-,1,60.0,-,-,-,-,1,2,-,-,-,-,1,-,-,-,-,-,-,-,-,-,2,5.0,60.0,-,-,-
23,Valentin Eysseric ,27, AM(CLR),6.59,Fiorentina,181,73,4(4),357,-,1,1,-,0.5,81.8,0.8,-,-,1,0.5,1.5,0.1,0.9,0.1,0.9,1.6,0.8,0.5,1.3,-,-,0.3,0.1,-,1,1.5,19.9,81.8,0.5,1.1,0.1
24,Vincent Laurini ,29, D(R),6.44,Fiorentina,173,72,7(5),672,-,-,2,-,0.2,80.0,1.3,-,-,-,0.2,0.4,0.5,1.2,-,0.5,0.6,0.7,0.6,0.8,-,1.5,0.3,0.3,-,-,0.4,24.6,80.0,0.8,2.3,-
25,Vitor Hugo ,27, D(C),6.88,Fiorentina,187,80,22(3),2019,-,2,7,1,0.5,85.6,2.5,1,-,2,0.5,0.2,0.1,0.7,-,0.2,0.4,2.3,2.4,1.6,0.6,4.9,0.3,0.4,-,2,0.2,39.0,85.6,-,2.3,-
0,Andrea Beghetto ,24, M(L),6.59,Frosinone,182,74,16(2),1432,-,2,2,-,1,69.7,0.2,-,-,2,1,2,0.3,0.2,-,0.4,0.7,1,0.7,0.9,0.2,1.6,0.4,0.2,-,2,2,27.7,69.7,1.8,2,-
1,Andrea Pinamonti ,19, FW,6.47,Frosinone,188,72,11(9),1064,4,-,2,-,1.7,71.6,2.3,-,4,-,1.7,0.5,0.5,0.9,0.3,0.9,1.7,0.5,0.1,1.1,-,0.7,0.6,0.2,-,-,0.5,13.6,71.6,0.1,0.5,-
2,Bartosz Salamon ,27, D(C),6.64,Frosinone,196,84,17(1),1544,-,-,3,-,0.4,82.2,2.3,1,-,-,0.4,0.1,0.1,0.3,-,0.1,0.2,0.8,1.5,1.1,0.5,7.2,0.4,1.1,-,-,0.1,37.7,82.2,-,2.8,-
3,Camillo Ciano ,29, FW,6.73,Frosinone,176,73,22(4),1946,7,3,8,-,2.2,74.4,0.7,2,7,3,2.2,1.7,0.5,2.7,0.6,2,2.1,1,0.2,1.9,-,0.3,1.3,0.1,-,3,1.7,23.0,74.4,1.2,1.5,-
4,Cristian Molinaro ,35," D(L),M(L)",6.5,Frosinone,182,82,13(1),1161,-,-,3,-,0.1,70.5,1.4,-,-,-,0.1,1,0.5,1.6,0.3,0.3,0.4,1.1,1.1,1.1,0.1,2.6,0.4,0.3,-,-,1,31.3,70.5,0.8,2.4,-
5,Daniel Ciofani ,33, FW,6.54,Frosinone,191,82,14(9),1299,3,1,1,-,1.7,64.2,4.1,-,3,1,1.7,0.5,-,0.6,0.2,0.5,1,0.2,-,0.9,-,0.3,0.1,-,-,1,0.5,11.7,64.2,-,0.2,-
6,Danilo Soddimo ,31, AM(L),6.32,Frosinone,180,70,1(9),244,-,1,2,-,0.6,80.0,0.6,-,-,1,0.6,0.8,0.2,0.4,-,0.5,0.7,1.1,0.7,0.9,-,0.2,0.3,0.1,-,1,0.8,10.0,80.0,0.6,0.5,-
7,Edoardo Goldaniga ,25, D(C),6.6,Frosinone,193,87,23,2070,1,1,5,-,0.5,76.0,2.3,1,1,1,0.5,0.2,0.2,1.1,0.1,0.3,0.6,1.6,1.8,1.4,0.4,4,0.4,0.5,-,1,0.2,35.2,76.0,-,2.8,-
8,Emil Hallfredsson ,34, AM(C),6.01,Frosinone,185,83,5(1),393,-,-,2,-,0.2,84.6,0.2,-,-,-,0.2,0.7,0.2,0.5,-,1,0.5,1.7,0.3,1.7,0.2,0.5,1.5,0.2,-,-,0.7,24.8,84.6,-,1.3,-
9,Federico Dionisi ,31," AM(L),FW",5.98,Frosinone,179,68,0(2),17,-,-,1,-,1,66.7,0.5,-,-,-,1,-,-,0.5,-,0.5,1,0.5,-,1,-,-,-,-,-,-,-,4.5,66.7,-,-,-
10,Federico Viviani ,27, DMC,6.49,Frosinone,180,75,5,341,-,-,1,-,0.8,84.6,0.8,-,-,-,0.8,0.6,0.6,1,-,0.8,0.6,1.2,1.6,0.8,-,0.4,1,0.6,-,-,0.6,42.8,84.6,0.6,3.6,-
11,Francesco Cassata ,21, AM(C),6.32,Frosinone,183,76,12(5),997,1,2,9,1,0.8,79.7,0.4,-,1,2,0.8,0.6,1,1.1,-,0.7,1.2,1.1,0.4,1.6,0.1,0.7,0.7,0.1,-,2,0.6,17.4,79.7,0.1,1.5,-
12,Francesco Zampano ,25," D(R),M(R)",6.32,Frosinone,177,72,21(1),1861,-,1,1,-,0.6,72.6,0.7,-,-,1,0.6,0.6,0.4,1.1,0.2,0.7,1,1.4,0.5,1.3,0.1,1.6,0.5,0.1,-,1,0.6,26.9,72.6,0.6,0.7,-
13,Joaquín Ardáiz ,20, Forward,6.16,Frosinone,184,81,0(1),19,-,-,-,-,-,40.0,1,-,-,-,-,-,1,-,-,1,-,-,-,1,-,-,-,-,-,-,-,5.0,40.0,-,-,-
14,Joel Campbell ,26," AM(LR),FW",6.29,Frosinone,178,71,11(6),894,-,3,4,-,0.8,76.8,0.1,-,-,3,0.8,0.6,0.8,2.1,0.5,1.5,2.1,0.9,0.2,0.9,-,0.1,0.8,-,-,3,0.6,14.9,76.8,0.1,0.8,-
15,Lorenzo Ariaudo ,29, D(C),6.63,Frosinone,186,76,12,1054,-,-,1,-,0.3,84.6,2.6,-,-,-,0.3,0.3,0.3,1.1,-,0.1,0.2,0.8,0.7,0.7,0.3,5.3,0.3,1.3,1,-,0.3,33.6,84.6,-,2.8,-
16,Lorenzo Crisetig ,26, M(C),6.42,Frosinone,183,80,5(3),505,-,-,3,-,-,85.6,0.9,-,-,-,-,0.1,0.1,1.4,-,0.1,0.5,1.8,1.5,1.9,-,1.4,1.1,0.4,-,-,0.1,25.3,85.6,0.1,1.8,-
17,Luca Matarese ,20, Forward,5.92,Frosinone,177,0,0(2),14,-,-,1,-,-,75.0,-,-,-,-,-,-,0.5,-,-,0.5,1,-,-,0.5,-,-,-,-,-,-,-,2.0,75.0,-,-,-
18,Luca Paganini ,25, M(R),6.62,Frosinone,178,70,4(1),367,1,-,-,-,2,83.3,2.4,-,1,-,2,0.6,0.4,2,-,1.2,1.4,1.4,1.2,1.4,0.2,1.2,1.4,0.8,-,-,0.6,22.8,83.3,-,0.8,-
19,Luca Valzania ,23, M(C),6.78,Frosinone,182,76,3(1),276,1,-,2,-,2,85.0,1,-,1,-,2,0.5,0.5,0.5,-,-,1.3,2.8,1.3,1.3,-,0.5,2.3,-,-,-,0.5,20.0,85.0,-,1.3,-
20,Luka Krajnc ,24, D(C),6.57,Frosinone,188,80,9,790,-,-,3,-,0.3,81.2,2.8,-,-,-,0.3,0.1,0.3,0.4,-,-,-,1.1,1.2,0.6,0.7,4.6,0.1,0.3,-,-,0.1,41.4,81.2,0.1,2.2,-
21,Marcello Trotta ,26," AM(R),FW",6.13,Frosinone,188,85,0(6),94,-,-,-,-,0.8,80.0,0.2,-,-,-,0.8,0.2,-,0.2,-,0.3,1,0.5,0.2,0.2,-,-,-,-,-,-,0.2,6.7,80.0,-,0.3,-
22,Marco Capuano ,27, D(CL),6.59,Frosinone,185,80,21,1773,-,-,2,1,0.3,83.9,2.2,1,-,-,0.3,0.2,-,0.3,-,0.2,0.4,2,1.4,0.6,0.3,3.8,0.6,1.2,-,-,0.2,41.0,83.9,-,1.7,-
23,Marco Sportiello ,26, GK,6.73,Frosinone,192,87,29,2610,-,-,4,-,-,62.2,0.2,2,-,-,-,-,-,0.1,-,-,-,-,-,-,-,0.3,-,-,-,-,-,28.1,62.2,-,5.6,-
24,Mirko Gori ,26, M(C),6.34,Frosinone,177,72,1(8),231,-,-,2,-,0.2,79.6,0.4,-,-,-,0.2,0.2,0.1,0.1,-,0.2,0.3,1.4,0.3,0.6,-,0.9,0.6,-,-,-,0.2,11.4,79.6,0.3,0.7,-
25,Nicolò Brighenti ,29, D(C),6.42,Frosinone,178,75,5,450,-,-,2,-,0.2,79.1,1,-,-,-,0.2,0.4,-,1.8,-,0.4,0.4,2.2,2.2,1,0.2,3.6,0.6,1,-,-,0.4,52.6,79.1,-,3,0.2
26,Paolo Ghiglione ,22, M(R),6.38,Frosinone,187,80,5(3),458,1,-,3,-,1,67.3,0.3,-,1,-,1,0.8,0.3,0.1,-,0.6,0.6,1,0.5,1,-,1.9,0.6,-,-,-,0.8,20.3,67.3,0.9,0.5,-
27,Paolo Sammarco ,36, M(C),6.68,Frosinone,181,76,0(2),75,-,-,-,-,1.5,78.2,1.5,-,-,-,1.5,1.5,-,1,-,-,1.5,2,-,1,-,-,-,-,-,-,1.5,27.5,78.2,0.5,2.5,-
28,Raffaele Maiello ,27, M(C),6.63,Frosinone,177,73,19(2),1650,-,-,4,-,0.2,82.6,0.3,-,-,-,0.2,0.5,0.8,1.5,-,0.7,0.9,1.6,1.1,0.5,-,1.3,0.4,0.4,-,-,0.5,45.6,82.6,0.1,4.9,-
29,Rai Vloet ,23, AM(C),6.26,Frosinone,188,75,1(4),120,-,-,-,-,1,86.5,0.2,-,-,-,1,0.8,-,0.6,-,0.4,0.2,0.8,-,0.4,-,0.2,0.6,-,-,-,0.8,7.4,86.5,0.2,0.4,-
30,Raman Chibsah ,26, M(C),6.56,Frosinone,177,72,28,2416,1,-,4,-,1.1,81.9,0.7,-,1,-,1.1,0.7,1.8,1,0.2,1.8,1.9,1.4,1.1,1.6,0.1,0.9,1.3,0.3,-,-,0.7,29.5,81.9,0.3,1.3,-
31,Stipe Perica ,23, FW,6.16,Frosinone,192,76,6(1),467,-,-,3,-,1.7,67.0,2.7,-,-,-,1.7,-,0.1,1,0.1,1.1,1.9,0.7,-,1.9,-,0.6,0.3,0.1,-,-,-,13.4,67.0,-,0.3,-
0,Aleksandar Kolarov ,33," D(CL),M(L)",7.04,Roma,187,81,24(1),2186,7,2,3,1,1.2,81,1.2,2,7,2,1.2,1.5,1,1.1,-,0.5,0.9,1.1,1.4,0.8,0.4,2.2,0.4,0.4,-,2,1.5,50.4,81,1.4,3,-
1,Alessandro Florenzi ,28," D(R),M(CLR)",6.81,Roma,173,67,18(4),1601,2,2,4,1,1,78.1,0.5,-,2,2,1,1.4,0.2,0.6,0.1,0.4,0.5,1.2,1.9,0.5,0.4,1.5,0.7,0.1,-,2,1.4,39.2,78.1,1.4,2,-
2,Ante Coric ,21, Midfielder,6.07,Roma,176,59,0(1),19,-,-,-,-,1,88.9,-,-,-,-,1,-,-,-,-,-,-,-,-,1,-,-,-,-,-,-,-,9.0,88.9,1,1,-
3,Antonio Mirante ,35, GK,7.21,Roma,193,79,2,180,-,-,-,-,-,78.7,1,-,-,-,-,-,0.5,0.5,-,-,-,-,-,-,-,-,-,-,-,-,-,30.5,78.7,-,4.5,-
4,Bryan Cristante ,24, M(C),6.83,Roma,186,80,20(7),1825,4,3,9,-,1.3,81.3,1.9,1,4,3,1.3,0.8,1,0.4,-,0.9,0.9,1.9,0.8,1.9,-,1.1,0.9,0.1,-,3,0.8,36.7,81.3,0.1,1.9,0.1
5,Cengiz Ünder ,21, AM(LR),6.81,Roma,173,66,15(4),1194,3,5,1,-,1.8,80.5,0.3,1,3,5,1.8,1.5,0.9,1.5,0.2,0.7,1.8,0.3,0.5,0.4,-,0.2,0.4,-,-,5,1.5,23.3,80.5,0.8,1.1,0.1
6,Daniele De Rossi ,35," D(C),M(C)",6.7,Roma,184,83,12(3),1032,-,2,3,-,0.1,87.5,0.5,-,-,2,0.1,0.9,0.1,0.5,0.1,-,0.3,0.9,1.1,0.7,-,1.8,0.5,0.8,-,2,0.9,52.1,87.5,-,4.1,0.2
7,Davide Santon ,28, D(LR),6.6,Roma,187,77,10(6),937,-,1,-,-,0.2,87.9,0.5,-,-,1,0.2,0.9,0.8,0.7,-,0.2,0.8,0.9,0.9,0.8,0.1,0.9,0.3,0.4,-,1,0.9,33.4,87.9,0.4,1,0.1
8,Diego Perotti ,30," M(CLR),FW",6.77,Roma,179,70,4(5),446,3,-,1,-,0.9,77.5,0.3,-,3,-,0.9,1.4,1.6,1.1,0.1,0.8,1.1,0.8,0.2,0.3,-,0.1,0.8,-,-,-,1.4,21.2,77.5,0.8,0.6,-
9,Edin Dzeko ,33, FW,7.18,Roma,193,80,20(4),1860,7,3,7,-,4.2,72.8,3.4,4,7,3,4.2,1.1,1.1,1.2,0.3,1.5,2,0.4,-,1,-,0.8,0.4,-,-,3,1.1,21.3,72.8,0.2,1.5,0.1
10,Federico Fazio ,32, D(C),6.98,Roma,195,85,22(3),1995,4,-,5,-,0.8,86.3,3.3,1,4,-,0.8,0.2,0.4,0.5,-,0.2,0.4,0.8,1.5,0.8,0.9,4.7,0.4,1,-,-,0.2,42.3,86.3,-,2.6,-
11,Iván Marcano ,31, D(CL),6.91,Roma,189,77,8(1),721,-,-,-,-,0.2,87.3,2.9,-,-,-,0.2,0.4,0.3,0.3,-,0.2,-,0.9,2.6,1.1,0.7,4.2,0.3,0.7,-,-,0.4,52.4,87.3,-,3.7,-
12,Javier Pastore ,29, AM(CLR),6.57,Roma,187,78,5(6),450,2,-,-,-,1.1,85.6,0.3,-,2,-,1.1,1.1,0.7,0.1,-,0.5,1,0.8,0.3,0.7,-,0.5,0.8,-,-,-,1.1,26.5,85.6,0.5,1.2,0.1
13,Juan Jesus ,27, D(CL),6.43,Roma,185,83,10(4),955,1,-,2,-,0.1,93,0.9,-,1,-,0.1,0.1,-,0.4,-,0.2,0.1,1.9,0.7,0.7,1.5,1.4,0.6,0.5,1,-,0.1,42.0,93,0.1,3.4,-
14,Justin Kluivert ,19, AM(LR),6.6,Roma,171,66,10(12),993,1,3,1,-,0.8,83.8,0.4,-,1,3,0.8,1.1,0.8,0.7,0.1,0.6,1.4,0.8,-,0.7,-,0.3,0.4,-,-,3,1.1,13.5,83.8,0.5,0.3,-
15,Kevin Strootman ,29, DMC,7.09,Roma,187,78,1,90,-,-,-,-,-,77.8,2,-,-,-,-,2,-,-,-,-,3,2,3,1,-,2,3,-,-,-,2,36.0,77.8,-,-,1
16,Kostas Manolas ,27, D(C),6.82,Roma,189,83,22,1878,1,1,5,-,0.5,88,2.5,-,1,1,0.5,0.1,0.1,0.6,-,-,0.3,1.3,1.9,1.2,1.3,3.9,0.4,0.8,-,1,0.1,40.5,88,-,2.9,-
17,Lorenzo Pellegrini ,22, M(C),7.08,Roma,186,77,15(2),1291,2,3,5,-,1.6,78.1,0.9,2,2,3,1.6,2.6,1.2,1.3,0.1,1.5,2.2,1.8,0.4,1.4,-,0.9,0.8,0.1,-,3,2.6,36.5,78.1,1.6,1.1,0.2
18,Luca Pellegrini ,20, D(L),6.26,Roma,178,72,2(2),163,-,1,2,-,-,81.1,0.8,-,-,1,-,0.3,0.3,0.3,-,0.3,0.5,0.3,0.8,1,-,0.3,0.3,0.3,-,1,0.3,26.5,81.1,0.3,2.3,-
19,Nicolò Zaniolo ,19, AM(CR),6.79,Roma,190,79,14(6),1246,3,2,4,-,2,80.5,0.4,-,3,2,2,0.6,1.8,1.3,0.1,2.4,2.6,1.6,0.5,1.8,-,0.2,1.1,-,-,2,0.6,18.5,80.5,0.2,0.9,0.1
20,Patrik Schick ,23," AM(R),FW",6.62,Roma,186,73,13(7),1127,3,-,3,-,1.5,76,1.7,1,3,-,1.5,0.8,0.4,0.9,0.5,0.9,2.1,0.6,0.1,1.2,-,0.7,0.9,0.1,-,-,0.8,11.7,76,-,0.1,0.1
21,Rick Karsdorp ,24, D(R),6.45,Roma,184,80,6(2),521,-,1,-,-,-,78.7,0.5,-,-,1,-,0.4,0.8,0.1,-,0.8,0.5,0.9,1.1,0.6,0.3,1.3,0.8,0.3,-,1,0.4,35.9,78.7,0.6,2.8,0.1
22,Robin Olsen ,29, GK,6.54,Roma,196,86,27,2430,-,-,2,-,-,71.3,0.3,-,-,-,-,-,-,0.3,-,-,-,-,-,-,-,0.6,-,-,-,-,-,26.2,71.3,-,7,-
23,Stephan El Shaarawy ,26," AM(CLR),FW",7.3,Roma,178,72,16(4),1490,9,2,2,-,2.5,81.5,0.8,4,9,2,2.5,1.4,1.6,1.5,0.4,0.8,2,1.1,0.7,0.6,-,0.1,0.6,0.1,-,2,1.4,29.4,81.5,0.4,1.4,0.1
24,Steven Nzonzi ,30, M(C),6.99,Roma,196,75,23(1),2079,1,2,6,-,0.8,88.1,3.3,1,1,2,0.8,0.9,0.4,0.5,-,0.3,0.5,2,0.8,1,-,1.6,0.5,0.6,-,2,0.9,57.6,88.1,-,3.1,-
25,Zan Celar ,20, Forward,6.12,Roma,186,80,0(1),4,-,-,-,-,-,-,-,-,-,-,-,-,1,-,-,-,-,-,-,-,-,-,-,-,-,-,-,2.0,-,-,-,-
0,Alessio Romagnoli ,24, D(CL),6.89,AC Milan,185,75,25,2250,2,-,5,-,0.3,91.9,2.0,1,2,-,0.3,0.2,-,0.3,0.1,0.1,0.3,0.9,1.3,0.5,0.6,5.2,-,1,1,-,0.2,57.1,91.9,-,3.0,-
1,Andrea Conti ,25," D(R),M(R)",6.7,AC Milan,184,76,2(6),343,-,2,2,-,-,83.2,0.8,-,-,2,-,0.8,0.6,0.5,0.1,-,0.3,0.9,1.3,1,-,0.3,0.5,-,-,2,0.8,27.5,83.2,0.9,0.5,-
2,Cristián Zapata ,32, D(C),6.96,AC Milan,187,82,10,824,-,-,3,-,0.2,92.0,2.3,1,-,-,0.2,0.2,0.1,0.7,-,0.2,0.3,1.9,0.7,0.7,0.5,4.3,0.2,1.4,-,-,0.2,52.6,92.0,-,1.5,-
3,Davide Calabria ,22," D(LR),M(R)",6.86,AC Milan,177,70,20(4),1803,1,1,5,-,0.4,82.9,0.5,-,1,1,0.4,0.7,0.5,0.8,-,0.6,1,3,1.2,0.6,0.3,2.3,1.3,-,-,1,0.7,47.9,82.9,0.5,1.9,-
4,Diego Laxalt ,26," D(L),M(CL)",6.37,AC Milan,178,68,6(12),615,-,-,2,-,0.3,77.7,0.3,-,-,-,0.3,0.4,0.4,0.3,-,0.6,0.6,1.4,0.3,0.8,-,0.6,0.5,0.2,-,-,0.4,17.4,77.7,0.4,0.8,0.1
5,Fabio Borini ,28," M(LR),FW",6.48,AC Milan,180,73,4(8),464,1,1,3,-,1.2,74.5,0.8,-,1,1,1.2,0.5,0.4,1.1,0.1,1.3,1.4,0.7,0.3,0.8,-,0.5,0.2,-,-,1,0.5,13.8,74.5,-,0.5,-
6,Franck Kessié ,22, M(C),6.96,AC Milan,183,74,26,2301,4,1,6,-,1.7,88.2,1.2,2,4,1,1.7,1.4,1.4,0.8,0.1,1.1,2,1.1,0.9,1.3,-,1.3,0.5,0.3,-,1,1.4,51.5,88.2,0.2,1.5,-
7,Giacomo Bonaventura ,29, M(CLR),7.16,AC Milan,180,75,8,651,3,1,-,-,3.4,88.7,1.1,-,3,1,3.4,1.3,1.3,1,0.1,1.3,1.5,0.8,0.9,0.6,-,0.9,0.6,-,-,1,1.3,45.4,88.7,0.3,1.9,-
8,Gianluigi Donnarumma ,20, GK,6.85,AC Milan,196,90,30,2621,-,-,2,-,-,82.3,0.4,4,-,-,-,0.1,-,-,-,-,-,-,-,-,-,0.9,-,-,-,-,0.1,27.9,82.3,-,5.8,-
9,Gonzalo Higuaín ,31, FW,6.85,AC Milan,186,89,15,1280,6,1,3,1,3.7,83.7,0.7,-,6,1,3.7,1.3,1.3,0.9,0.5,1.7,2.3,0.5,-,1,-,0.7,0.5,-,-,1,1.3,22.1,83.7,0.1,2.1,0.1
10,Hakan Calhanoglu ,25," M(CLR),FW",7.1,AC Milan,178,76,26(2),2222,1,6,2,-,2.5,85.0,0.6,-,1,6,2.5,2.1,1,1.2,0.1,1.1,1.9,1.6,0.8,0.7,-,0.3,0.6,0.1,-,6,2.1,47.5,85.0,0.7,3.8,0.1
11,Ignazio Abate ,32," D(R),M(R)",6.54,AC Milan,180,73,11(4),979,-,-,2,-,0.1,84.3,0.6,-,-,-,0.1,0.3,0.1,0.4,-,0.1,0.4,1.7,0.7,0.6,0.1,1.9,0.3,0.3,-,-,0.3,40.9,84.3,0.3,2.1,-
12,José Mauri ,22, M(C),6.29,AC Milan,169,63,2(2),143,-,-,-,-,0.8,88.1,0.3,-,-,-,0.8,0.3,0.8,0.5,-,0.8,0.5,0.8,0.3,1,-,-,0.3,-,-,-,0.3,21.0,88.1,-,0.8,-
13,José Reina ,36, GK,6.37,AC Milan,188,92,0(1),79,-,-,-,-,-,73.7,1.0,-,-,-,-,-,-,-,-,-,-,-,-,-,-,1,-,-,-,-,-,19.0,73.7,-,4.0,-
14,Krzysztof Piatek ,23, FW,7.16,AC Milan,183,77,9(1),752,7,-,-,-,2.2,85.3,1.0,1,7,-,2.2,0.6,0.5,1.2,0.6,1.3,2.1,0.5,0.1,1.3,-,0.5,0.3,0.2,-,-,0.6,12.9,85.3,0.2,0.6,-
15,Lucas Biglia ,33, DMC,6.98,AC Milan,178,64,12(2),1073,1,-,2,-,0.5,90.5,0.6,1,1,-,0.5,0.9,0.2,1,-,0.7,0.7,4.2,1.5,1.4,0.1,1.4,1.7,0.1,-,-,0.9,57.6,90.5,0.1,3.9,-
16,Lucas Paquetá ,21," AM(C),FW",6.68,AC Milan,180,72,10(1),715,1,1,3,-,0.9,77.9,1.2,-,1,1,0.9,0.6,1.2,1.6,0.1,2.3,1.7,1.4,0.3,1.2,-,0.6,1.4,-,-,1,0.6,27.2,77.9,0.1,0.6,-
17,Mateo Musacchio ,28, D(C),6.77,AC Milan,180,73,22,1980,1,-,1,-,0.5,89.9,1.1,-,1,-,0.5,0.2,0.1,0.6,-,0.2,0.2,1.5,1,0.8,0.5,3.9,0.2,0.6,-,-,0.2,62.9,89.9,-,2.7,-
18,Patrick Cutrone ,21, FW,6.34,AC Milan,183,75,11(16),1222,3,2,2,-,1.1,75.2,0.5,-,3,2,1.1,0.6,0.1,0.6,0.3,0.9,1.9,0.3,0.2,0.9,-,0.3,0.4,-,-,2,0.6,9.9,75.2,0.1,0.1,-
19,Ricardo Rodríguez ,26," D(CL),M(L)",6.83,AC Milan,181,78,27,2332,-,3,5,-,0.9,88.3,0.9,-,-,3,0.9,0.6,0.4,0.5,-,0.5,0.5,1.4,1,0.8,0.1,2,0.2,0.1,-,3,0.6,54.0,88.3,0.8,3.3,-
20,Samu Castillejo ,24, AM(CLR),6.53,AC Milan,182,67,8(17),921,3,2,3,-,1.1,86.9,0.5,1,3,2,1.1,0.7,0.8,0.9,0.2,1,1.1,0.5,0.3,0.8,-,0.3,0.8,-,-,2,0.7,15.8,86.9,0.3,0.7,-
21,Suso ,25," AM(CLR),FW",7.36,AC Milan,177,70,27,2373,5,8,7,1,2.8,81.8,0.1,5,5,8,2.8,2.7,2,2.2,0.2,2,1.9,0.9,0.5,0.9,-,-,1.1,-,-,8,2.7,45.1,81.8,1.4,3.4,0.1
22,Tiemoué Bakayoko ,24, DMC,7.1,AC Milan,185,77,19(5),1742,1,-,4,1,0.7,86.5,2.4,4,1,-,0.7,0.8,1.9,2,-,1.6,1.7,2.4,1.8,1.3,-,1.3,1.1,0.1,-,-,0.8,43.9,86.5,-,1.4,-
0,Andrea Poli ,29, M(CL),6.6,Bologna,182,77,20(3),1670,3,1,4,-,1,89.2,0.3,-,3,1,1,0.6,0.3,1.3,0.1,0.8,1.2,2.3,1.2,1.1,-,0.3,1.4,0.2,-,1,0.6,26.9,89.2,-,1.2,-
1,Arturo Calabresi ,23, D(C),6.71,Bologna,186,75,14(1),1233,1,-,6,-,0.1,79.3,1,-,1,-,0.1,0.6,0.3,0.5,0.1,0.4,0.3,2.7,2,0.9,0.3,3.7,1.1,0.1,-,-,0.6,33.2,79.3,0.5,2.4,-
2,Blerim Dzemaili ,32, M(C),6.45,Bologna,179,73,15(6),1293,-,-,4,-,1.4,76.7,0.7,-,-,-,1.4,0.5,0.8,2.3,-,0.8,1,1.6,0.4,0.8,-,0.3,1.6,-,-,-,0.5,22.5,76.7,0.1,1.2,-
3,Danilo ,34, D(C),6.79,Bologna,184,80,27,2367,1,-,4,-,0.3,76.8,3,-,1,-,0.3,0.3,0.1,0.5,0.1,-,0.2,1.1,0.9,0.8,0.6,5.3,0.3,1.1,-,-,0.3,42.7,76.8,0.1,4.7,-
4,Diego Falcinelli ,27, FW,6.26,Bologna,186,76,7(8),617,-,1,-,-,0.8,83.9,1.1,-,-,1,0.8,0.3,0.5,1.2,-,1.5,1.7,0.5,0.1,0.8,-,0.2,0.1,0.1,-,1,0.3,7.5,83.9,0.1,0.1,-
5,Erick Pulgar ,25, DMC,6.94,Bologna,186,78,18(1),1589,3,2,5,1,1,83.7,1.5,1,3,2,1,1.8,0.5,1.3,-,0.7,1,2.1,1.8,1.2,0.1,2.1,1.9,0.2,1,2,1.8,50.8,83.7,1.3,3.3,-
6,Federico Mattiello ,23, M(LR),6.71,Bologna,182,73,16(1),1334,1,1,2,1,0.6,76.6,1,-,1,1,0.6,1.1,0.5,0.7,0.1,0.6,1.6,1.9,1.2,0.9,-,2.2,0.5,0.2,-,1,1.1,25.4,76.6,1.1,1.5,0.1
7,Federico Santander ,27, FW,6.96,Bologna,187,79,22(4),1900,6,2,4,-,2.6,59.2,5.9,4,6,2,2.6,1.2,0.1,1.4,0.5,0.9,1.3,0.5,0.3,1.7,-,0.8,0.8,-,-,2,1.2,18.3,59.2,0.1,0.2,-
8,Filip Helander ,25, D(C),6.59,Bologna,192,84,19,1710,-,-,6,-,0.5,79.4,2.7,-,-,-,0.5,0.1,0.2,0.3,-,0.3,0.3,2.2,0.7,1.5,0.4,3.9,0.2,0.8,-,-,0.1,39.4,79.4,-,2.6,-
9,Giancarlo González ,31, D(C),6.71,Bologna,186,77,7(3),670,-,1,1,-,0.2,76.1,3,-,-,1,0.2,0.3,-,0.1,0.1,0.3,0.2,1.3,1.1,0.5,-,3.9,0.3,0.9,-,1,0.3,30.5,76.1,-,2.9,-
10,Godfred Donsah ,22, DMC,6.22,Bologna,175,70,0(3),42,-,-,-,-,0.3,84.0,-,-,-,-,0.3,0.3,0.7,-,-,-,-,0.3,-,-,-,0.7,0.7,0.7,-,-,0.3,8.3,84.0,-,0.3,-
11,Ibrahima Mbaye ,24," D(LR),M(LR)",6.68,Bologna,187,70,15(1),1379,2,-,4,-,0.6,74.6,1.6,-,2,-,0.6,0.3,0.1,1.1,0.1,0.5,1,2.3,0.8,1.5,0.4,2.6,0.8,0.4,-,-,0.3,29.3,74.6,0.3,1.4,-
12,Ladislav Krejci ,26, M(L),6.35,Bologna,180,67,8(4),787,-,1,2,-,0.5,84.3,0.3,-,-,1,0.5,0.9,0.2,0.4,0.3,0.4,0.9,1,0.4,0.8,-,0.6,0.4,0.2,-,1,0.9,27.6,84.3,1,0.8,-
13,Lukasz Skorupski ,27, GK,6.71,Bologna,187,84,29,2610,-,-,1,-,-,61.2,0.5,1,-,-,-,-,-,-,-,-,-,-,0.1,-,-,0.8,-,-,-,-,-,24.2,61.2,-,8.0,-
14,Lyanco ,22, D(C),6.7,Bologna,188,83,4,317,-,-,-,1,0.5,78.5,2,-,-,-,0.5,-,1,0.5,0.3,0.3,0.8,1.8,2,0.8,0.3,4.8,0.3,0.3,-,-,-,30.3,78.5,-,1.8,-
15,Mattia Destro ,28, FW,6.09,Bologna,181,73,3(10),319,2,-,2,-,0.5,55.6,1.2,-,2,-,0.5,-,0.1,0.5,-,0.6,0.8,0.2,-,0.8,-,0.5,-,-,-,-,-,4.2,55.6,-,0.2,-
16,Mattias Svanberg ,20, M(CL),6.33,Bologna,185,75,12(8),1089,-,2,2,-,0.9,77.1,0.5,-,-,2,0.9,0.6,0.4,1.6,0.1,0.6,1.2,1.1,0.6,1.1,-,0.6,0.6,0.3,-,2,0.6,14.2,77.1,0.3,0.8,-
17,Mitchell Dijks ,26," D(L),M(L)",6.51,Bologna,194,93,17(2),1487,-,-,4,-,0.4,74.0,1.9,-,-,-,0.4,0.7,1.2,1.3,0.2,0.9,1.4,1.2,0.9,1.9,0.1,1.4,0.9,-,-,-,0.7,23.3,74.0,0.4,0.9,-
18,Nehuén Paz ,25, D(CL),5.74,Bologna,191,89,1,90,-,-,1,-,-,70.0,-,-,-,-,-,-,-,-,-,-,-,2,-,2,-,1,1,1,-,-,-,30.0,70.0,-,4.0,-
19,Nicola Sansone ,27," AM(LR),FW",6.68,Bologna,175,68,7(2),630,1,1,3,-,2.1,77.7,0.7,-,1,1,2.1,1,0.8,1.4,0.2,2.2,2.2,1.4,0.8,2.1,-,0.3,1.1,0.1,-,1,1,21.4,77.7,0.6,0.3,-
20,Orji Okwonkwo ,21, AM(R),6.12,Bologna,176,73,2(6),255,-,-,2,-,0.6,68.9,1.1,-,-,-,0.6,0.3,0.4,0.5,-,0.3,1.6,0.5,0.1,0.8,-,-,-,-,-,-,0.3,5.6,68.9,-,0.4,-
21,Riccardo Orsolini ,22, AM(R),6.65,Bologna,183,73,10(16),1157,3,4,-,-,1.5,68.9,1.2,1,3,4,1.5,0.6,0.4,1.5,0.3,0.6,1.3,0.9,0.4,0.7,-,0.6,0.9,0.1,-,4,0.6,14.1,68.9,0.6,0.6,-
22,Roberto Soriano ,28, AM(CL),6.9,Bologna,182,76,10,890,1,1,2,-,1.8,79.6,1.3,-,1,1,1.8,1.5,1.5,1.2,0.1,1.4,1.7,2.1,0.1,1.5,-,0.7,0.9,0.2,-,1,1.5,38.2,79.6,0.5,1.0,-
23,Rodrigo Palacio ,37," AM(CLR),FW",6.94,Bologna,176,70,18(2),1645,3,3,5,-,1.8,76.6,1.6,-,3,3,1.8,1.2,2.1,2.4,0.8,2.3,2.6,0.8,0.2,0.7,-,0.5,1.1,-,-,3,1.2,24.8,76.6,0.4,0.7,-
24,Sebastien De Maio ,32, D(C),6.52,Bologna,190,90,6,493,-,1,3,-,0.3,83.3,1.5,-,-,1,0.3,0.2,-,-,-,-,-,0.8,0.2,1,-,5,0.2,0.8,-,1,0.2,37.8,83.3,0.3,3.7,-
25,Simone Edera ,22, Forward,6.49,Bologna,176,70,3,188,-,-,1,-,2.3,78.3,0.3,-,-,-,2.3,0.7,1.7,0.3,0.3,1.3,2,1.3,-,0.7,-,-,0.7,0.3,-,-,0.7,20.0,78.3,-,0.7,-
26,Ádám Nagy ,23, DMC,6.43,Bologna,178,78,9(4),882,-,-,2,1,0.5,86.7,0.4,-,-,-,0.5,0.6,0.3,0.5,-,0.5,0.9,2.1,1.8,0.7,0.1,0.8,0.6,0.4,-,-,0.6,34.1,86.7,0.1,1.5,-
0,Albin Ekdal ,29, M(C),7.01,Sampdoria,186,75,24(2),2130,-,-,5,-,0.3,85.7,2,1,-,-,0.3,0.5,1.1,2,-,1,1,2,1.6,1.4,-,2,0.9,0.3,-,-,0.5,48.8,85.7,0.1,1.5,-
1,Alex Ferrari ,24, D(CR),5.99,Sampdoria,183,70,1,90,-,-,1,-,-,84.6,1,-,-,-,-,-,-,-,-,1,1,1,1,2.0,1,12,-,-,-,-,-,26.0,84.6,-,-,-
2,Bartosz Bereszynski ,26, D(R),6.69,Sampdoria,183,77,20(2),1832,-,2,4,1,0.4,83.2,0.5,-,-,2,0.4,0.4,0.9,1.1,-,0.8,0.6,1.6,1.2,1.0,0.5,1.8,1,0.3,-,2,0.4,48.5,83.2,0.3,1.5,0.1
3,Dawid Kownacki ,22, FW,6.19,Sampdoria,187,75,0(13),155,1,1,-,-,0.5,79.5,0.5,-,1,1,0.5,0.5,0.3,0.1,0.1,0.7,0.5,0.2,-,0.2,-,-,0.2,-,-,1,0.5,6.0,79.5,0.1,-,-
4,Dennis Praet ,24, AM(C),7.07,Sampdoria,181,78,24(1),2086,2,2,6,-,0.9,86.6,0.6,1,2,2,0.9,1.1,1.2,1,-,1.4,1.2,1.9,1.2,0.9,-,0.8,0.8,0.1,-,2,1.1,47.8,86.6,0.8,1,0.1
5,Edgar Barreto ,34, M(C),6.82,Sampdoria,180,79,8(2),681,-,2,1,-,0.6,81.1,0.3,-,-,2,0.6,0.8,-,0.8,0.1,0.6,1,2.8,1.5,1.7,-,0.4,1.3,0.2,-,2,0.8,41.3,81.1,0.4,1.6,0.1
6,Emil Audero ,22, GK,6.68,Sampdoria,190,83,29,2610,-,-,4,-,-,69.9,0.4,-,-,-,-,-,-,0.2,-,-,0.1,0.1,-,0.1,-,1,-,-,-,-,-,27.6,69.9,-,4.8,-
7,Fabio Quagliarella ,36, FW,7.19,Sampdoria,180,79,28,2413,21,7,1,-,3.6,69.2,0.5,4,21,7,3.6,1,0.4,1.4,1,1.6,2.4,0.4,0.3,0.9,-,0.4,0.4,-,-,7,1,23.4,69.2,0.1,0.6,-
8,Gastón Ramírez ,28, AM(CLR),6.92,Sampdoria,183,78,14(7),1265,4,4,6,-,0.9,78.8,1.1,2,4,4,0.9,1.4,0.8,1.4,0.1,2,1.4,1.5,0.4,1.6,-,0.9,0.6,0.2,-,4,1.4,30.6,78.8,1,0.9,0.1
9,Gianluca Caprari ,25," AM(CLR),FW",6.85,Sampdoria,176,72,11(5),867,5,2,1,-,1.4,80.1,0.1,2,5,2,1.4,0.6,0.9,1.2,0.3,1.3,1.7,0.6,0.1,1.1,-,0.1,0.3,-,-,2,0.6,20.1,80.1,0.7,0.6,0.1
10,Gregoire Defrel ,27," AM(CR),FW",6.76,Sampdoria,180,79,19(9),1713,8,2,2,-,1.2,84.1,0.5,2,8,2,1.2,0.6,0.8,0.9,0.3,1.5,1.5,0.9,0.1,1.0,-,0.1,0.2,-,-,2,0.6,19.5,84.1,0.2,0.2,-
11,Jacopo Sala ,27," D(R),M(CR)",6.71,Sampdoria,184,75,10(5),992,-,1,3,-,0.5,84.9,0.5,-,-,1,0.5,0.7,0.4,0.7,-,0.4,0.8,2.1,0.9,1.1,0.1,1.9,0.8,0.1,-,1,0.7,43.7,84.9,0.3,1.5,0.2
12,Jakub Jankto ,23, AM(CL),6.12,Sampdoria,184,70,5(12),613,-,-,2,-,0.9,82.8,0.2,-,-,-,0.9,0.2,-,0.2,-,0.3,0.3,0.4,0.4,0.4,-,0.6,0.4,0.1,-,-,0.2,18.8,82.8,0.3,0.4,-
13,Joachim Andersen ,22, D(C),6.9,Sampdoria,192,90,28,2520,-,1,6,-,0.4,89.1,2.4,-,-,1,0.4,0.3,0.4,0.4,-,0.1,0.4,1.3,1.3,0.9,0.9,4.6,0.4,0.5,-,1,0.3,63.3,89.1,-,5.6,-
14,Júnior Tavares ,22," D(L),M(L)",6.45,Sampdoria,178,69,1(1),103,-,-,1,-,-,93.7,0.5,-,-,-,-,-,1.5,2,-,1.5,-,0.5,1,1.0,-,0.5,1,-,-,-,-,55.5,93.7,-,2,-
15,Karol Linetty ,24, M(C),6.85,Sampdoria,176,73,23(2),2058,3,3,10,-,1.2,83.6,0.8,-,3,3,1.2,1,0.5,1.6,-,1.1,2.2,2.3,0.9,1.5,-,0.5,1.8,0.2,-,3,1,40.8,83.6,0.1,1.3,0.1
16,Lorenzo Tonelli ,29, D(C),6.99,Sampdoria,183,78,14,1260,1,-,3,-,0.4,89.4,1.9,1,1,-,0.4,-,0.1,2.3,-,0.4,0.4,1.8,1.4,1.3,0.7,5.1,0.2,1.3,-,-,-,62.0,89.4,-,1.9,-
17,Manolo Gabbiadini ,27," AM(CLR),FW",6.7,Sampdoria,181,72,4(6),447,3,1,2,-,1.7,76.2,0.5,-,3,1,1.7,0.6,0.3,0.8,0.2,0.4,1.2,0.4,0.2,1.2,-,0.3,0.5,-,-,1,0.6,15.1,76.2,0.4,0.3,-
18,Marco Sau ,31," AM(C),FW",5.91,Sampdoria,169,65,0(2),22,-,-,-,-,-,100.0,-,-,-,-,-,-,-,0.5,-,0.5,1,-,-,0.5,-,-,-,-,-,-,-,4.5,100.0,-,-,-
19,Nicola Murru ,24, D(L),6.98,Sampdoria,180,64,27(1),2316,-,5,6,-,0.4,77.9,1.2,1,-,5,0.4,0.8,0.4,0.8,-,0.6,0.5,2.4,1.3,1.0,0.5,2.3,0.4,0.7,-,5,0.8,43.8,77.9,0.6,2,-
20,Omar Colley ,26, D(C),6.9,Sampdoria,192,80,15,1350,-,-,-,-,0.4,88.6,2.9,-,-,-,0.4,0.2,0.3,0.3,0.1,0.2,0.3,1,1,0.9,1.3,5.1,-,1,-,-,0.2,55.3,88.6,-,2.7,-
21,Riccardo Saponara ,27, AM(C),6.45,Sampdoria,184,73,10(10),819,2,4,2,-,1.1,69.6,0.3,-,2,4,1.1,1.1,0.5,0.8,0.4,1.7,1.4,0.6,0.2,0.7,0.1,0.5,0.4,0.1,-,4,1.1,20.4,69.6,0.1,0.8,0.1
22,Ronaldo Vieira ,20, DMC,6.4,Sampdoria,180,70,4(6),377,-,-,3,-,0.3,82.9,0.8,-,-,-,0.3,0.3,0.4,0.4,-,0.5,-,1.4,0.4,1.5,-,1.9,0.3,-,-,-,0.3,25.1,82.9,-,1.4,-
0,Afriyie Acquah ,27, DMC,6.42,Empoli,179,70,17(6),1329,1,-,4,-,0.9,82.1,0.9,1,1,-,0.9,0.4,1,1.2,-,0.8,1.2,1,0.5,1,-,0.3,0.3,-,-,-,0.4,27.0,82.1,0.1,0.7,-
1,Alejandro Rodriguez ,27, FW,5.96,Empoli,180,79,0(1),24,-,-,-,-,1,33.3,-,-,-,-,1,-,-,-,-,-,2,-,-,2,-,1.0,-,-,-,-,-,3.0,33.3,-,-,-
2,Antonino La Gumina ,23, FW,6.43,Empoli,184,78,12(10),1091,2,2,1,-,1.2,78.9,0.8,2,2,2,1.2,0.3,0.8,1,0.9,0.7,1.5,0.2,0.3,0.8,-,0.2,0.2,0.1,-,2,0.3,6.5,78.9,-,-,-
3,Bartlomiej Dragowski ,21, GK,6.5,Empoli,191,74,6,540,-,-,2,-,-,62.4,0.5,-,-,-,-,-,-,0.2,-,-,-,-,-,-,-,1.2,0.2,-,-,-,-,24.8,62.4,-,5.5,-
4,Cristian Dell'Orco ,25, D(CL),6.72,Empoli,183,75,7,630,1,-,-,-,0.4,91.4,1.6,-,1,-,0.4,0.3,0.3,0.6,-,0.3,0.7,1.6,1.4,0.9,1.1,3.1,0.3,0.1,-,-,0.3,50.0,91.4,-,2.1,-
5,Diego Farias ,28," AM(CLR),FW",6.79,Empoli,172,63,8,583,1,2,-,-,1.5,84.2,-,-,1,2,1.5,1.3,1.1,1.3,0.4,0.8,1.5,0.5,-,0.8,-,0.1,0.1,-,-,2,1.3,19.0,84.2,0.3,0.5,-
6,Dimitri Oberlin ,21, FW,6.01,Empoli,182,74,0(4),85,-,-,-,-,-,72.2,-,-,-,-,-,0.3,0.5,-,-,0.8,1.5,-,-,1,-,0.3,0.8,-,-,-,0.3,4.5,72.2,-,-,-
7,Domenico Maietta ,36, D(C),6.51,Empoli,185,77,16,1394,-,-,4,-,0.3,86.2,1.8,-,-,-,0.3,0.2,0.3,0.2,0.1,0.1,0.4,1.6,1.4,0.9,0.6,3.7,1.1,0.8,-,-,0.2,50.2,86.2,0.1,5.3,-
8,Francesco Caputo ,31, FW,6.77,Empoli,180,75,29,2610,13,3,1,-,2.5,77.1,0.7,1,13,3,2.5,1.3,0.3,0.9,0.8,1.2,2.6,0.4,0.1,0.7,-,0.1,0.2,-,-,3,1.3,22.2,77.1,-,0.6,-
9,Frederic Veseli ,26, D(CLR),6.2,Empoli,183,80,21(2),1894,-,-,3,-,0.2,86.8,0.4,-,-,-,0.2,0.1,0.1,0.3,0.1,0.2,0.3,0.9,1,1,0.3,2.5,0.1,0.4,-,-,0.1,38.7,86.8,0.4,2.3,-
10,Giovanni Di Lorenzo ,25," D(R),M(R)",6.63,Empoli,170,70,28,2520,2,2,6,-,0.5,80.3,0.9,1,2,2,0.5,1.1,0.8,1.4,0.1,1.2,1.1,1.9,1,1.3,0.3,1.7,0.6,0.3,-,2,1.1,50.6,80.3,0.5,2,-
11,Hamed Junior Traore ,19, M(C),6.45,Empoli,0,0,17(6),1471,-,1,2,-,1.3,78.4,0.4,-,-,1,1.3,0.7,1.3,0.7,0.2,1.3,1.3,1.7,0.6,1,-,0.4,0.9,0.1,-,1,0.7,26.6,78.4,-,1.5,-
12,Ismael Bennacer ,21, M(C),6.83,Empoli,175,70,23(5),2150,-,3,5,-,0.5,86.2,0.9,-,-,3,0.5,0.7,1.5,1.5,-,1.1,1.6,2.4,1.4,1.3,-,0.6,1,0.2,-,3,0.7,50.0,86.2,0.2,3.9,0.1
13,Ivan Provedel ,25, GK,6.66,Empoli,192,82,15,1350,-,-,-,-,-,69.7,0.2,1,-,-,-,0.2,-,0.3,-,-,0.1,-,-,0.1,-,0.8,0.1,-,-,-,0.2,23.1,69.7,-,5.6,-
14,Jacob Rasmussen ,21," D(C),DMC",6.58,Empoli,190,81,9(2),844,-,-,3,-,0.3,89.5,2.5,-,-,-,0.3,0.2,0.2,0.4,-,0.1,0.4,1.2,0.9,0.7,0.7,3.9,0.6,0.9,-,-,0.2,49.2,89.5,-,3.4,-
15,Joel Untersee ,25, Defender,6.19,Empoli,178,73,1(2),125,-,-,-,-,-,82.4,-,-,-,-,-,-,0.7,0.3,-,0.3,0.7,1,0.3,0.7,1,1.7,0.3,0.3,-,-,-,17.0,82.4,-,1.3,-
16,Leonardo Capezzi ,24, M(C),6.39,Empoli,178,72,9(1),699,-,-,4,-,1.3,84.9,0.8,-,-,-,1.3,0.3,0.6,0.4,-,0.4,0.7,1.3,1,2,-,0.9,0.5,0.4,1,-,0.3,48.4,84.9,0.2,2.9,-
17,Levan Mchedlidze ,29, FW,6.06,Empoli,188,83,0(8),132,-,-,1,-,0.3,72.2,0.5,-,-,-,0.3,0.1,-,0.3,-,0.5,0.8,0.1,-,0.4,-,0.4,-,-,-,-,0.1,4.5,72.2,-,0.1,-
18,Luca Antonelli ,32," D(L),M(CL)",6.53,Empoli,184,79,9(1),701,-,1,1,-,0.2,70.9,1.1,-,-,1,0.2,0.5,0.5,2.2,0.2,0.4,1.2,1.3,1.6,1,0.2,2.2,1,0.4,-,1,0.5,29.6,70.9,-,0.7,-
19,Manuel Pasqual ,37," D(L),M(L)",6.39,Empoli,178,71,13(7),1255,1,2,2,-,0.4,72.8,0.2,-,1,2,0.4,1.1,0.2,0.5,-,0.3,0.5,1.3,0.5,0.6,0.3,1.2,1.4,-,-,2,1.1,35.3,72.8,1.6,2.2,-
20,Marko Pajac ,25, Midfielder,6.74,Empoli,185,66,2(1),164,1,-,-,-,1.3,83.1,-,1,1,-,1.3,0.3,0.3,1.3,-,0.3,0.7,0.7,0.3,0.7,-,0.7,-,-,-,-,0.3,21.7,83.1,0.3,0.7,-
21,Matteo Brighi ,38, M(C),6.15,Empoli,179,78,1(4),112,-,-,-,-,-,81.8,0.4,-,-,-,-,0.2,-,0.4,-,0.2,0.4,1,-,0.6,-,0.6,0.6,-,-,-,0.2,8.8,81.8,-,0.2,-
22,Matías Silvestre ,34, D(C),6.57,Empoli,187,80,28,2520,2,-,5,-,0.4,84.3,2.8,-,2,-,0.4,0.2,-,0.6,-,0.1,0.1,0.9,0.8,0.6,0.9,4.5,0.2,0.6,1,-,0.2,46.0,84.3,-,5.4,-
23,Miha Zajc ,24, AM(C),6.7,Empoli,180,76,12(8),1165,3,2,1,1,2.8,82.9,0.4,-,3,2,2.8,1.2,1.4,0.6,0.3,1.1,1.6,0.3,0.3,0.9,-,0.4,0.5,0.2,-,2,1.2,26.7,82.9,0.9,1,0.1
24,Pietro Terracciano ,29, GK,6.88,Empoli,193,85,8,720,-,-,-,-,-,76.8,-,2,-,-,-,-,-,-,-,-,0.1,-,0.1,-,-,0.9,-,-,-,-,-,25.4,76.8,-,4.5,-
25,Rade Krunic ,25, AM(C),6.87,Empoli,184,74,26,2203,4,5,5,1,1.6,79.9,1.5,1,4,5,1.6,1.7,1.3,2.4,-,1.3,1.9,1.2,0.7,1.3,-,0.7,0.8,0.2,-,5,1.7,38.8,79.9,-,1.5,0.2
26,Salih Ucan ,25, AM(C),6.28,Empoli,182,65,1(10),220,1,-,1,-,0.8,72.2,0.3,-,1,-,0.8,0.4,0.5,0.1,-,0.6,0.7,0.7,0.5,0.4,-,0.1,0.5,-,-,-,0.4,13.1,72.2,0.1,0.6,-
27,Samuel Mráz ,21, Forward,6.15,Empoli,184,75,2(4),168,1,-,-,-,0.3,81.0,0.5,-,1,-,0.3,0.3,-,-,-,0.5,0.7,-,-,0.2,-,0.3,-,-,-,-,0.3,7.0,81.0,-,0.2,-
0,Alejandro Gómez ,31," M(CL),FW",7.6,Atalanta,165,68,26(1),2255,6,9,4,-,2.9,84.8,0.2,5,6,9,2.9,3.2,2,2.6,0.2,2.1,1.7,0.5,0.2,0.7,-,0.1,0.6,-,-,9,3.2,46.9,84.8,2.9,2.3,0.2
1,Ali Adnan ,25," D(L),M(L)",6.87,Atalanta,185,85,2(1),166,-,-,-,-,1,70.6,2.0,-,-,-,1,1,1.7,0.7,-,0.3,-,0.3,1,0.7,-,2,0.3,0.3,-,-,1,28.3,70.6,1,1.3,-
2,Andrea Masiello ,33, D(CR),6.44,Atalanta,185,75,15(1),1212,-,1,4,-,0.3,87.3,1.5,-,-,1,0.3,0.3,-,0.8,0.1,0.1,0.3,0.8,1.8,0.9,0.6,1.8,0.4,0.2,1,1,0.3,55.2,87.3,-,4.1,-
3,Arkadiusz Reca ,23, Midfielder,6.52,Atalanta,187,81,0(3),45,-,-,-,-,-,76.9,0.3,-,-,-,-,0.7,0.7,0.7,-,-,0.3,0.7,1,0.3,-,-,0.3,-,-,-,0.7,8.7,76.9,1,0.7,-
4,Berat Djimsiti ,26, D(C),6.84,Atalanta,190,83,14(3),1253,1,1,3,-,0.5,91.0,2.3,-,1,1,0.5,0.2,0.3,0.9,-,0.1,0.6,1.4,1.5,0.9,0.7,3.6,0.5,0.4,1,1,0.2,43.2,91.0,-,3.1,-
5,Dejan Kulusevski ,18, Midfielder,6.14,Atalanta,0,0,0(3),103,-,-,-,-,0.7,72.9,0.3,-,-,-,0.7,-,0.7,0.3,-,0.7,2,1,-,1.3,-,-,0.7,-,-,-,-,19.7,72.9,-,-,-
6,Duván Zapata ,28, FW,7.26,Atalanta,186,80,24(5),2189,19,5,4,-,3.1,79.3,1.9,4,19,5,3.1,1.6,1,2.1,0.8,2.4,3.9,0.2,0.1,1.7,-,0.7,0.2,0.1,-,5,1.6,18.0,79.3,0.2,0.6,0.1
7,Emiliano Rigoni ,26, AM(CLR),6.5,Atalanta,180,70,6(6),522,3,-,1,-,1.3,73.3,0.3,1,3,-,1.3,0.8,1.3,0.4,0.4,1.5,1.7,0.5,0.3,0.4,-,0.3,0.3,-,-,-,0.8,15.9,73.3,0.4,0.8,-
8,Etrit Berisha ,30, GK,6.43,Atalanta,191,92,18,1620,-,-,1,-,-,69.0,0.2,-,-,-,-,-,-,0.1,-,-,-,-,-,-,-,0.9,0.1,-,-,-,-,21.7,69.0,-,6,-
9,Gianluca Mancini ,22, D(C),6.95,Atalanta,190,77,20(2),1816,5,1,2,-,1.4,83.4,2.5,-,5,1,1.4,0.4,0.4,0.6,0.1,0.3,0.5,1.6,1.8,1.3,0.3,2.4,0.4,0.2,-,1,0.4,49.2,83.4,0.1,2.1,-
10,Hans Hateboer ,25," D(R),M(R)",6.92,Atalanta,188,74,25(2),2267,4,4,3,-,0.7,84.5,1.9,1,4,4,0.7,1.4,0.4,0.4,0.2,0.8,1,1.2,0.7,0.9,0.1,1.1,0.4,0.1,-,4,1.4,46.3,84.5,0.6,0.9,-
11,Josip Ilicic ,31," AM(CLR),FW",7.31,Atalanta,190,79,16(7),1558,9,6,4,1,3.1,80.1,0.2,3,9,6,3.1,2,2.3,2.2,0.3,2.6,2.4,0.5,0.2,0.7,-,-,0.4,-,-,6,2,39.7,80.1,0.5,2.3,0.1
12,José Luis Palomino ,29, D(C),6.78,Atalanta,190,78,18(4),1659,1,1,3,1,0.4,88.2,2.0,-,1,1,0.4,0.3,0.1,0.1,-,0.2,0.5,1.3,2.6,1.1,0.5,2.2,0.5,0.5,-,1,0.3,44.7,88.2,0.1,2.5,-
13,Luca Valzania ,23, M(C),6.57,Atalanta,182,76,1(1),73,-,-,-,-,0.5,76.9,2.0,-,-,-,0.5,-,0.5,-,-,0.5,0.5,2.5,0.5,-,-,-,1,-,-,-,-,13.0,76.9,-,0.5,-
14,Marco Tumminello ,20, Forward,6.01,Atalanta,180,76,0(2),7,-,-,1,-,0.5,40.0,0.5,-,-,-,0.5,-,0.5,-,-,-,1,-,-,1,-,-,-,-,-,-,-,2.5,40.0,-,-,-
15,Mario Pasalic ,24, M(C),6.49,Atalanta,189,78,13(12),1205,2,3,1,-,1,83.3,1.3,-,2,3,1,0.8,0.5,0.3,0.1,1.1,1.4,0.9,0.3,0.6,-,0.3,0.6,0.1,-,3,0.8,29.7,83.3,0.1,2,-
16,Marten de Roon ,28, DMC,6.95,Atalanta,185,76,25(1),2167,1,1,7,-,0.6,88.2,1.7,1,1,1,0.6,0.7,0.2,0.5,-,0.5,0.6,3,1.6,1.8,-,1.2,1.5,0.2,-,1,0.7,62.4,88.2,0.2,3.5,-
17,Matteo Pessina ,21, Midfielder,6.27,Atalanta,187,77,1(7),189,-,1,-,-,0.4,88.9,0.9,-,-,1,0.4,0.3,-,0.5,-,0.1,0.4,0.3,-,0.3,0.1,0.4,-,0.1,-,1,0.3,19.1,88.9,0.3,0.5,-
18,Musa Barrow ,20, FW,6.27,Atalanta,180,70,6(11),509,-,2,-,-,1.4,78.3,0.5,-,-,2,1.4,0.6,0.4,0.2,0.1,0.7,2.1,0.5,-,0.2,-,0.1,0.1,-,-,2,0.6,12.2,78.3,0.1,0.4,0.1
19,Pierluigi Gollini ,24, GK,6.55,Atalanta,188,80,11,990,-,-,-,-,-,69.6,0.3,-,-,-,-,-,-,0.1,-,-,0.1,0.2,-,0.1,-,0.5,-,-,-,-,-,26.3,69.6,-,6.3,-
20,Rafael Tolói ,28, D(C),6.81,Atalanta,185,75,20(1),1748,1,3,1,1,1.2,85.1,1.3,-,1,3,1.2,0.6,0.4,0.7,-,0.4,0.6,1.3,1.6,0.4,0.6,2.6,0.4,0.4,1,3,0.6,56.1,85.1,-,3.2,0.1
21,Remo Freuler ,26, DMC,7.02,Atalanta,181,77,26,2273,2,4,4,-,0.7,88.7,1.2,-,2,4,0.7,1.1,0.7,2.2,-,1.3,1.6,2.3,1.2,1.2,-,0.9,1.1,0.4,-,4,1.1,63.5,88.7,0.2,2,0.1
22,Robin Gosens ,24," D(L),M(CL)",7.1,Atalanta,183,76,17(4),1477,3,2,2,-,0.9,79.5,1.7,2,3,2,0.9,0.9,0.6,0.9,0.3,0.2,1.3,2,1.3,1,0.4,1.4,0.5,0.2,-,2,0.9,36.7,79.5,0.6,1.1,-
23,Timothy Castagne ,23," D(R),M(LR)",6.85,Atalanta,185,80,15(5),1406,2,2,3,-,0.7,83.1,0.7,-,2,2,0.7,0.9,0.8,0.6,-,1.1,1.2,1.8,1,0.6,0.1,1.5,0.7,0.3,-,2,0.9,35.8,83.1,0.5,0.9,0.1
0,Adam Marusic ,26, M(R),6.65,Lazio,185,76,19(1),1642,1,-,2,1,0.7,84.3,0.9,-,1,-,0.7,1,1,0.7,0.1,0.7,0.9,1.3,1,1.1,-,1,0.4,0.2,-,-,1,28.7,84.3,0.6,1.1,-
1,Alessandro Murgia ,22, M(C),6.12,Lazio,185,78,0(1),8,-,-,-,-,-,88.9,1,-,-,-,-,-,-,1,-,-,1,-,-,-,-,-,-,-,-,-,-,9.0,88.9,-,-,-
2,Bastos ,28, D(C),6.44,Lazio,184,77,5(6),602,-,-,2,-,0.5,85.1,0.9,-,-,-,0.5,0.1,0.5,0.5,0.1,0.2,0.4,0.6,0.5,0.8,0.3,1.9,0.5,0.5,-,-,0.1,23.7,85.1,-,1.7,-
3,Bruno Jordao ,20, Midfielder,6.01,Lazio,180,73,0(1),18,-,-,-,-,1,55.6,2,-,-,-,1,-,-,-,1,-,1,1,-,1,-,-,-,-,-,-,-,9.0,55.6,-,-,-
4,Ciro Immobile ,29, FW,7.07,Lazio,185,78,23(3),2106,13,3,5,-,3.5,78.1,0.5,3,13,3,3.5,1.5,0.8,1.1,1,0.9,2.5,0.4,-,0.7,-,0.3,0.1,-,-,3,1.5,25.7,78.1,0.1,0.6,0.2
5,Danilo Cataldi ,24, M(C),6.75,Lazio,180,70,2(6),350,2,1,2,-,1.1,85.1,0.1,-,2,1,1.1,0.9,0.5,0.1,-,-,0.8,0.6,0.6,0.8,0.1,0.8,0.5,-,-,1,0.9,27.8,85.1,1.1,1.4,-
6,Felipe Caicedo ,30, FW,6.54,Lazio,183,84,11(9),876,4,1,3,-,1.5,72.0,0.9,-,4,1,1.5,0.7,0.4,0.6,0.3,0.8,0.9,0.5,0.2,1,-,0.2,0.3,0.1,-,1,0.7,10.6,72.0,-,0.2,0.1
7,Francesco Acerbi ,31, D(C),7.02,Lazio,192,88,27,2410,3,1,2,1,0.5,86.2,2.7,2,3,1,0.5,0.2,0.1,1,0.1,0.3,0.6,1,1.6,0.6,0.7,4.8,0.1,0.9,-,1,0.2,47.4,86.2,-,3.5,-
8,Joaquín Correa ,24," AM(CL),FW",7.01,Lazio,189,75,13(13),1447,3,5,3,-,2.1,86.7,0.6,1,3,5,2.1,1.7,1.9,1.3,0.3,0.8,1.5,0.7,0.1,0.7,-,0.3,0.4,0.1,-,5,1.7,23.7,86.7,0.2,0.5,0.1
9,Jordan Lukaku ,24," D(L),M(L)",6.22,Lazio,177,86,1(6),170,-,-,1,-,-,82.6,0.3,-,-,-,-,0.1,0.6,0.1,0.3,0.1,0.3,0.6,0.7,0.6,0.1,0.1,0.3,-,-,-,0.1,12.3,82.6,0.1,0.1,-
10,Lucas Leiva ,32," D(C),M(C)",7.21,Lazio,179,74,16(4),1478,-,1,4,-,0.4,87.1,1.9,2,-,1,0.4,1.1,0.4,0.6,-,0.9,0.3,3.8,2.1,1.6,0.1,1.7,1.6,0.4,-,1,1.1,49.8,87.1,0.4,2.5,-
11,Luis Alberto ,26," AM(CL),FW",7.08,Lazio,182,70,19(2),1469,3,4,4,-,2.4,81.4,0.5,2,3,4,2.4,2.6,0.9,0.8,0.1,1.6,1.7,1.9,0.4,0.9,-,0.2,1.1,-,-,4,2.6,42.2,81.4,1.6,2.6,0.1
12,Luiz Felipe ,22, D(C),6.89,Lazio,187,80,11(1),902,1,1,2,-,0.4,83.7,1.2,1,1,1,0.4,0.3,0.1,0.7,0.1,0.1,0.4,1.8,1.8,1.1,0.1,3,0.6,0.8,-,1,0.3,40.4,83.7,0.1,3.1,-
13,Marco Parolo ,34, M(C),6.84,Lazio,184,75,21(3),1892,3,2,5,-,1.8,77.6,1.8,-,3,2,1.8,0.9,0.1,0.3,0.1,0.6,1.2,1.9,0.8,1.3,-,1.4,1,0.3,-,2,0.9,31.1,77.6,0.4,1.2,-
14,Martín Cáceres ,31," D(CLR),M(R)",5.99,Lazio,180,78,3(1),306,-,-,-,-,0.8,88.0,0.8,-,-,-,0.8,-,-,0.8,-,-,0.5,1,-,0.3,-,2.3,0.5,-,-,-,-,35.5,88.0,-,2.8,-
15,Milan Badelj ,30, M(C),6.69,Lazio,186,76,9(6),743,1,-,4,-,0.7,86.4,0.8,4,1,-,0.7,0.3,1.5,0.6,-,0.5,0.4,1.6,1.1,1.1,-,0.9,1.1,0.1,1,-,0.3,37.7,86.4,0.2,1.7,-
16,Patric ,25," D(CR),M(R)",6.51,Lazio,184,72,8(3),776,-,-,1,-,1.2,80.6,0.8,-,-,-,1.2,0.6,0.2,0.3,0.1,0.4,0.7,1.6,0.9,0.9,0.2,1.8,0.6,0.5,-,-,0.6,37.1,80.6,0.2,2.5,0.2
17,Pedro Neto ,19, Forward,5.97,Lazio,172,69,0(3),31,-,-,1,-,0.3,93.8,-,-,-,-,0.3,0.3,-,0.7,-,0.7,-,-,-,0.3,-,-,-,-,-,-,0.3,5.3,93.8,-,-,-
18,Riza Durmisi ,25," D(L),M(L)",6.28,Lazio,168,68,1(5),168,-,1,3,-,0.2,84.4,0.2,-,-,1,0.2,1,-,0.3,-,-,0.5,0.5,-,0.7,-,0.7,0.2,-,-,1,1,10.7,84.4,0.2,0.2,-
19,Rômulo ,31," D(R),M(CR)",6.95,Lazio,178,72,3(1),260,-,-,-,-,0.5,87.0,0.8,-,-,-,0.5,0.8,1,0.5,0.3,-,0.3,1,0.5,1,-,1.3,0.3,-,-,-,0.8,28.8,87.0,1.3,0.3,-
20,Senad Lulic ,33," D(L),M(CL)",7.07,Lazio,183,75,26(1),2239,3,1,4,-,0.8,78.4,1.3,-,3,1,0.8,1.7,1.2,0.8,0.1,1,1.6,2,1.4,1.2,-,1.3,1.4,0.1,-,1,1.7,39.0,78.4,1.1,2.2,-
21,Sergej Milinkovic-Savic ,24, AM(C),7.23,Lazio,191,76,25,2063,4,3,6,-,2.7,79.9,3.5,2,4,3,2.7,1.8,1.2,1.1,0.4,1.6,2.2,1.4,1,1.9,-,1.6,1.3,0.1,-,3,1.8,48.6,79.9,0.2,2.5,0.2
22,Stefan Radu ,32, D(CL),6.78,Lazio,183,79,24,1992,-,1,4,-,0.3,85.5,1.4,-,-,1,0.3,0.3,0.3,0.8,-,0.4,0.8,1.6,1.6,1.3,-,3,0.4,0.6,-,1,0.3,46.2,85.5,0.4,1.6,-
23,Thomas Strakosha ,24, GK,6.81,Lazio,186,78,28,2520,-,-,3,-,-,64.8,0.4,2,-,-,-,-,-,0.1,-,-,-,-,-,-,-,0.9,-,-,-,-,-,25.9,64.8,-,6.8,-
24,Valon Berisha ,26, AM(C),6.37,Lazio,176,70,1(7),192,-,-,-,-,0.1,87.1,-,-,-,-,0.1,0.5,0.1,0.5,-,0.3,0.8,1,0.5,0.4,-,0.4,0.3,-,-,-,0.5,17.5,87.1,0.3,0.3,-
25,Wallace ,24, D(C),6.76,Lazio,191,83,12(1),1047,-,-,2,-,0.7,85.1,1.9,-,-,-,0.7,0.2,0.2,0.7,-,0.2,0.6,1.2,2.2,1.2,0.5,3.2,0.6,0.5,1,-,0.2,45.8,85.1,0.1,4.2,-
